Wiek_rur (lata),Materiał_rur,Średnica_rury (mm),Ciśnienie (bar),Delta_cisnienia (bar),Przepływ_wody (m3/h),Temperatura_wody (°C),Wilgotność_gruntu (%),Wibracje (Hz),Obciążenie_ruchu (pojazdy/dzień),Konserwacja (miesiące),pH,Twardość_wody (mg/L),ChZT (mg/L),BZT (mg/L),Chlor (mg/L),Azotany (mg/L),Metale_ciężkie (μg/L),Awaria,Data_awarii
52,Stal,866,"4,73","-0,9",396,"28,7","33,4","1,64",9771,17,"6,86",288,16,12,"0,45",45,"44,58",0,
93,Żeliwo,336,"7,59","-1,065",812,"23,2","62,9","4,15",6324,58,"8,19",59,4,4,"1,61",11,"85,97",1,2020-11-15
15,Beton,905,"8,93",1,515,"25,3","33,5","4,94",9395,10,"6,83",373,13,6,"0,43",44,"27,97",0,
72,Stal,868,"2,09","0,36",431,"22,8","98,6","0,85",2823,9,"8,14",107,17,14,"0,64",31,"26,41",0,
61,Żeliwo,440,"6,71","-0,21",559,5,"37,9","3,8",5287,31,"7,15",144,16,9,"0,12",17,"69,39",0,
21,PVC,1114,"6,24","-0,42",424,25,"31,8","0,72",3285,2,"8,31",156,17,6,"0,14",12,"47,11",0,
83,Żeliwo,348,"2,07","0,315",381,"5,9","35,1","1,16",7433,24,"6,43",419,6,3,"1,58",3,"64,88",1,2023-07-27
87,Stal,828,"2,91","-1,35",582,"26,8","90,7","2,61",6174,19,"6,61",260,3,4,"3,26",22,"41,56",0,
75,Żeliwo,422,"3,8","-1,215",982,"13,8","67,3","0,33",4826,17,"8,06",95,4,1,"2,39",9,"95,62",1,2022-09-23
75,Żeliwo,279,"2,5","-1,395",358,"20,3","75,8","0,95",3664,43,"7,68",178,8,7,"2,58",4,"70,62",1,2023-06-17
88,Stal,50,"3,19","1,995",117,"14,9","92,6","0,02",497,49,"6,61",415,9,11,"2,13",49,"24,39",1,2019-11-17
100,Stal,68,"3,41","-4,44",202,"2,8","92,1","3,01",7641,10,"8,71",111,1,14,"3,3",39,"45,27",0,
24,Beton,633,"4,02","-0,88",583,"8,7","76,5","0,9",4643,50,"6,83",431,13,14,"3,53",13,"26,04",0,
3,PVC,505,"7,74","0,44",405,"29,5","27,8","1,34",5056,55,"7,26",122,2,0,"3,41",33,"48,87",0,
22,PVC,1006,"6,15","-0,54",404,"28,8","85,9","0,27",131,28,"6,61",265,10,1,"3,27",27,"49,19",0,
53,Żeliwo,242,"9,88","0,555",738,"9,6","28,3","3,72",5443,38,"7,16",70,19,11,"0,81",7,"69,17",0,
2,PVC,494,"4,73","0,96",527,"29,9","76,9","0,61",857,48,"7,47",71,17,2,"2,42",15,"43,87",0,
88,Żeliwo,415,"7,78","0,57",999,"25,4","71,7","4,77",8712,28,"6,89",405,13,6,"2,37",30,"97,1",0,
30,Beton,152,"8,84","-1,18",100,"18,3","78,3","4,29",8221,59,"8,31",114,14,5,"2,16",6,"42,49",0,
38,Beton,1037,"7,11","0,9",617,"1,2","57,9","1,17",6147,50,"7,18",112,11,13,"1,98",2,"32,85",0,
2,PVC,569,"4,71","-0,03",763,27,"67,5","0,67",4604,52,"8,19",192,10,6,"0,45",28,"42,26",0,
64,Żeliwo,338,"7,78","0,6",898,"16,7","95,8","2,59",9452,50,"6,62",434,7,10,"0,5",35,"99,08",0,
60,Żeliwo,148,"2,83","-0,615",102,"26,1","19,1","0,93",1558,1,"7,13",78,10,4,"3,62",38,"74,65",1,2021-02-07
21,PVC,1054,"3,95","-0,29",355,25,"37,8","0,26",15,60,"6,02",410,1,13,"2,56",3,"10,83",0,
33,PVC,480,"5,92","-0,48",924,25,65,"0,15",3605,3,"8,28",160,14,3,"1,12",8,"5,8",0,
76,Żeliwo,181,"6,18","-4,38",170,"20,9","96,8","0,09",1607,15,"7,88",193,3,14,"1,19",16,"80,27",0,
58,Stal,899,"1,2","0,675",739,"8,7","18,6","4,92",5935,52,"8,45",149,13,14,"2,48",48,"31,98",0,
22,Beton,1039,"9,51","-0,56",317,"10,1",12,"0,11",2016,10,"7,37",90,2,6,"1,69",19,"12,18",0,
89,Żeliwo,315,"7,27","-0,15",993,"9,3",15,"0,14",3574,21,"8,4",197,17,2,"1,82",13,"84,95",0,
49,PVC,469,"5,46","0,59",412,"0,6","14,7","2,92",7274,37,"7,94",97,3,12,"0,34",45,"48,66",0,
91,Stal,643,"9,4","0,135",528,"17,5","91,7","3,49",9935,15,"6,01",369,15,9,"0,64",28,"43,11",0,
59,Stal,534,"4,95","0,45",470,21,"74,9","0,6",3791,23,"6,76",431,8,6,"1,63",12,"0,78",0,
42,PVC,461,"9,82","0,51",594,"25,6","70,9","2,44",6406,14,"7,48",160,6,1,"2,83",35,"48,99",0,
92,Stal,985,"5,61","0,36",488,"4,2",57,"0,76",1088,15,"7,86",111,9,11,"0,29",44,"18,43",0,
60,Stal,1157,"2,03","0,12",725,"16,3","80,4","0,26",1361,10,"6,2",231,11,11,"1,4",16,"34,77",0,
80,Stal,1186,"7,88","0,75",378,"0,2",24,"0,25",4473,56,"8,12",155,2,7,"2,81",46,"35,63",0,
15,Beton,381,"7,11","0,46",957,"2,9","45,3","4,7",5294,9,"7,63",181,9,11,"3,19",49,"45,58",0,
62,Stal,704,"7,96","0,39",481,"1,6","54,1","4,32",7106,44,"7,58",162,18,5,"0,84",42,"44,25",0,
62,Żeliwo,165,"9,56","2,85",56,"21,8","19,9","1,44",7319,39,"6,88",226,19,11,"2,95",3,"79,77",1,2023-05-12
47,PVC,1008,"7,99","-0,19",370,"2,4","47,8","1,43",8667,5,"7,78",138,18,14,"3,83",19,"32,18",0,
62,Żeliwo,229,"6,5","1,41",547,"21,5","38,5","2,71",9481,25,"6,08",467,5,2,"3,64",10,"65,2",1,2024-08-07
51,Żeliwo,305,"8,72","-1,17",445,"7,5","13,2","1,39",8520,56,"6,19",284,18,2,"3,18",41,"56,48",1,2024-08-25
55,Żeliwo,375,"7,06","-0,69",917,"26,3","22,3","0,44",1186,42,"8,2",74,12,4,"2,88",21,"62,43",0,
64,Żeliwo,355,"4,67","-0,03",595,"24,4","78,8","0,71",3414,57,"6,97",332,4,2,"1,02",44,"91,06",0,
3,Beton,259,"8,97","0,67",881,"28,7","11,6","3,09",5486,26,"7,04",162,15,5,"2,57",7,"23,19",0,
51,Żeliwo,124,3,"0,285",264,"26,5","94,1","0,32",3536,8,"6,63",297,11,1,"2,61",27,"97,49",0,
7,Beton,1191,"7,43","-0,45",805,28,"17,8","0,55",1773,22,"7,34",59,19,7,"1,69",44,"30,38",0,
21,PVC,762,"8,93","-0,87",492,"25,8","81,9","3,71",5415,52,"6,16",229,5,12,"2,02",40,"37,95",0,
73,Żeliwo,409,"7,58","0,615",367,"20,8","90,9","0,04",2558,25,"6,9",324,6,10,"2,81",29,"84,95",1,2022-04-15
39,Beton,1157,"7,28","-0,52",793,"5,1","94,7","4,91",5907,48,"7,58",67,13,11,"3,81",32,"48,88",0,
18,Beton,503,"7,77","-0,22",351,"8,2","88,1","4,5",5079,12,"7,4",183,10,10,"1,25",32,"2,86",0,
4,PVC,716,"5,19","-0,11",662,"6,4","35,9","2,44",9454,9,9,184,14,8,"1,06",46,"29,46",0,
89,Stal,678,"8,87","1,17",773,"18,1",40,"1,18",6724,10,"7,17",151,4,12,"2,45",35,"29,18",0,
60,Żeliwo,420,"2,83","-0,27",820,"15,1","48,4","4,38",5420,48,"7,16",189,12,14,"0,61",26,"84,43",0,
14,Beton,345,"2,15","-0,71",730,26,"22,5","0,43",3291,10,"7,51",74,15,6,"2,37",19,"11,23",0,
9,PVC,307,"3,57","0,05",597,"28,6",12,"4,28",9210,9,"6,57",221,10,13,"0,45",32,"45,28",0,
90,Stal,1154,"5,78","1,395",734,"12,1","88,2","1,51",9981,26,"8,63",136,11,2,"2,01",24,"27,23",0,
53,Stal,317,"5,6","0,33",995,"15,2","59,9","0,12",3524,35,"7,72",122,9,10,"2,52",43,"21,82",0,
2,PVC,468,"8,39","0,97",990,"29,1","64,8","0,02",3504,27,"6,58",259,11,13,"0,37",42,"20,77",0,
84,Stal,284,"4,64","1,02",497,"8,3","93,4","3,9",8998,60,"8,38",186,2,9,"0,91",18,"44,41",0,
92,Stal,1035,"5,36","-1,395",427,"23,8","69,9","4,63",5989,31,"6,1",257,13,3,"1,41",46,"18,35",0,
60,Stal,623,"1,12","0,48",831,"6,8","72,2","0,14",2666,19,"8,95",193,8,11,"1,54",20,"42,96",0,
71,Żeliwo,240,"4,69","-0,645",710,"20,4","80,8","4,63",8596,43,"8,6",142,8,9,"2,74",41,"86,73",0,
44,PVC,1200,"6,83","0,12",364,"7,6","20,5","2,24",7140,38,"7,74",157,1,1,"2,16",32,"26,58",0,
8,PVC,272,"1,14","-0,44",993,"26,5","42,4","4,91",8785,6,"6,33",470,6,8,"1,59",2,"7,19",0,
47,Beton,970,"3,53","-0,3",540,"16,8","97,1","2,13",6895,15,"6,65",342,13,13,"1,86",13,"41,25",0,
35,Beton,326,"2,87","0,85",668,"5,6","93,1","0,46",4107,29,"6,84",387,9,4,"0,15",14,"36,8",0,
78,Żeliwo,167,"1,38","-1,815",257,"6,7","89,6","0,95",3280,47,"6,72",423,6,11,"3,11",32,"78,08",1,2024-08-07
81,Stal,469,"5,31","1,125",683,"14,8","50,7","0,94",2212,45,"7,49",91,15,1,"0,26",41,"1,3",0,
36,Beton,660,"2,64","-0,94",730,"28,8","87,1","3,13",8078,54,"8,83",196,16,9,"3,33",21,"24,06",0,
50,Beton,424,"7,69","-0,82",382,"23,1","14,4","2,91",9734,5,"7,33",115,4,5,"2,21",0,"11,26",0,
4,Beton,122,"8,63","0,73",142,"14,6","23,4","1,89",7601,14,"7,98",91,17,6,"2,16",30,"20,67",0,
2,PVC,1103,"5,91","0,26",910,"10,1","47,3","0,36",613,53,"8,07",87,9,12,"2,85",46,"42,82",0,
6,Beton,244,"9,84","0,49",873,"16,5","53,5","0,95",868,2,"8,61",190,12,1,"3,45",34,"38,48",0,
54,Stal,896,"5,05","-0,87",585,"22,5","33,7","0,6",811,23,"6,1",296,19,14,"3,78",19,"12,1",0,
4,Beton,1114,"5,62","0,07",833,"23,5","42,1","0,58",4862,44,"7,21",145,12,0,"2,22",31,"49,25",0,
54,Stal,1136,"9,9","0,705",758,"9,7","24,6","0,23",4177,52,"8,35",119,6,12,"0,69",11,"45,16",0,
93,Stal,72,"3,08",0,228,"21,6",54,"0,05",1744,46,"8,44",87,12,6,"3,53",15,"26,43",0,
63,Żeliwo,245,"9,48","-0,09",425,"19,7","81,4","0,95",2256,19,"8,78",146,9,0,"0,26",7,"53,42",0,
18,Beton,1148,"1,39","0,92",712,"28,8","69,5","1,97",7612,24,"8,11",157,5,2,"3,25",13,"45,06",0,
90,Żeliwo,489,"5,02","0,525",798,"27,9","19,7","2,66",8713,20,"6,74",387,3,3,"2,75",17,"89,85",1,2023-04-26
44,Beton,721,"1,63","0,82",724,"23,7","53,9","1,93",7196,47,"7,52",123,2,1,"3,63",29,"26,83",0,
34,Beton,1191,"7,56","0,46",853,"21,7","72,8","2,97",5423,27,"6,1",218,8,6,"3,6",32,"37,46",0,
74,Stal,728,"6,48","0,705",909,"8,2","57,7","4,49",5089,52,"7,94",159,10,4,"0,31",33,"11,75",0,
62,Żeliwo,353,"7,36","-1,26",842,"25,4","45,3","3,85",6608,24,"7,66",128,15,0,"2,48",43,"52,71",0,
100,Żeliwo,229,"4,37","-0,42",457,"12,8",66,"3,32",9717,17,8,85,9,11,"0,59",48,"77,54",0,
14,Beton,56,"4,33","-1,22",215,"8,2","97,2","0,89",1469,25,"8,79",106,10,11,"0,41",33,"30,17",0,
95,Stal,470,"1,41","-0,795",701,"11,5","18,5","0,73",2675,46,"8,06",178,11,7,"1,85",48,"4,5",0,
48,Beton,882,"4,15","-0,77",421,"25,1","45,1","0,16",1513,55,"6,96",217,9,9,"0,48",6,"15,48",0,
15,PVC,608,"9,36","-0,35",572,"4,5","46,6","0,57",4876,31,"6,6",383,14,6,"2,94",5,"21,34",0,
72,Żeliwo,365,"4,41","-0,84",593,"13,7","61,9","0,31",1451,28,"8,56",83,5,3,"3,88",5,"90,58",0,
78,Stal,1056,"8,48","1,275",697,"14,8","23,7","0,18",4654,50,"6,58",330,9,1,"2,32",21,"38,91",0,
87,Żeliwo,229,"8,58","1,11",770,"1,1","25,9","0,86",3007,59,"6,48",480,4,14,"1,02",7,"66,81",1,2022-03-31
62,Żeliwo,481,"4,36",0,506,"5,9","35,7","0,4",3124,28,"6,62",444,2,6,"3,39",36,"66,6",1,2023-06-26
40,PVC,866,"6,69","-0,88",409,"24,8",96,"0,4",1753,22,"7,53",78,19,10,"3,43",14,"29,13",0,
85,Żeliwo,277,"1,86","0,645",739,"24,9","76,1","0,17",1612,56,"6,37",392,1,1,"2,96",25,"72,64",0,
80,Żeliwo,352,"1,93","0,375",577,"8,8","69,6","0,38",3275,59,"8,81",143,1,5,"2,5",38,"70,29",1,2022-11-04
82,Żeliwo,155,"1,44","3,69",123,"26,2","83,5","3,82",8747,5,"8,9",128,12,0,"3,48",2,"51,99",1,2020-08-21
53,Żeliwo,182,"6,23","-0,585",187,"23,2","21,5","0,36",2049,54,"8,92",166,11,13,"0,74",9,"68,22",1,2019-11-24
24,PVC,882,"4,83","-0,33",781,"12,5","87,3","0,95",824,44,"6,12",338,1,6,"3,73",2,"3,98",0,
26,PVC,1104,"5,93","0,04",413,"22,5","63,5","0,95",3030,42,"8,84",187,14,6,"3,79",29,"44,89",0,
89,Stal,886,"5,69","1,44",776,"28,8","40,2","0,14",1081,8,"8,99",196,11,11,"3,5",45,"19,96",0,
60,Stal,975,"4,15","0,585",620,"13,8","83,4","3,08",5299,38,"8,83",116,7,3,"1,08",21,"32,65",0,
41,PVC,492,"7,1","0,34",478,"7,2","82,2","0,86",492,28,"8,01",181,2,3,"3,45",2,"9,28",0,
29,PVC,124,"7,83","-1,68",279,"28,3","86,1","0,39",4764,57,"8,1",124,15,14,"2,04",0,"41,2",0,
15,Beton,606,"1,13","0,49",827,"18,1","20,4","3,76",7202,47,"6,37",393,8,9,"2,42",32,"9,01",0,
45,PVC,412,"2,87","0,5",791,"3,2","97,2","1,43",8266,12,"8,62",170,15,4,"3,38",18,"19,33",0,
65,Stal,497,"7,42","-0,555",360,"17,2","96,4","0,6",3360,57,"6,18",424,8,1,"0,22",35,"11,9",0,
89,Żeliwo,499,"4,48","-0,045",353,15,"42,2","2,74",8562,25,"6,95",460,10,8,"1,52",33,"93,68",0,
71,Stal,174,"6,96","2,895",285,"25,7","15,9","0,13",4682,38,"8,97",172,19,9,"3,28",30,"42,92",0,
9,Beton,960,"4,12","-0,48",837,"15,9",25,"0,11",328,44,"7,27",98,3,3,"3,27",42,"18,6",0,
88,Stal,294,"4,52","-1,425",364,"7,7","99,4","2,51",9982,15,"6,39",317,14,10,"3,41",23,"15,37",0,
1,Beton,591,"2,43","-0,43",911,"20,3","60,7","1,4",8968,44,"8,91",174,9,8,"0,76",11,"38,68",0,
8,Beton,534,"3,32","0,11",885,"16,3","42,1","0,59",4674,41,"8,95",125,9,13,"2,85",12,"43,93",0,
88,Żeliwo,139,"6,45","3,885",194,7,"35,9","0,77",4316,51,"6,56",466,6,2,"0,67",15,"91,85",1,2022-10-16
63,Żeliwo,372,"4,9","-0,645",572,"17,2","33,1","4,55",9379,53,"8,59",153,8,8,"3,16",15,"86,83",0,
11,PVC,219,"7,97","0,76",998,"24,6","69,8","4,83",9695,34,"7,17",198,11,0,"1,06",19,"19,15",0,
81,Żeliwo,458,"8,67","0,285",834,"0,9","47,7","4,47",5803,60,"7,14",82,8,6,"2,98",40,"61,03",0,
8,PVC,1108,"5,87","0,22",690,"18,9","96,9","0,24",3325,45,"6,79",315,12,3,"1,87",47,"8,98",0,
35,PVC,1160,"7,82","-0,19",992,"10,5","71,5","2,52",8379,13,"6,13",266,10,6,"3,95",26,"33,49",0,
35,PVC,695,"3,76","0,35",626,"8,8","81,3","0,42",1214,8,"6,8",212,4,13,"2,36",38,"20,38",0,
33,PVC,835,"4,73","-0,62",407,"11,8","36,3","2,47",7556,59,"6,16",291,16,9,"2,57",12,"7,82",0,
5,PVC,250,"7,41","0,64",461,"10,3","17,1","3,41",9301,13,"8,77",123,6,14,"1,54",3,"14,61",0,
41,PVC,418,"4,48","-0,77",751,25,"53,9","3,43",8722,36,"7,99",145,9,5,"2,96",31,"26,53",0,
28,PVC,846,"6,3","0,31",505,"8,2","38,3","2,46",9262,6,"8,66",154,5,3,"2,03",44,"6,07",0,
7,PVC,126,"2,67","-0,55",238,22,"28,2","0,24",3136,38,"8,15",180,6,3,"0,17",39,"0,17",0,
73,Żeliwo,215,"6,4","0,75",315,"2,8","95,7","3,01",9154,32,"6,39",472,17,7,"2,47",33,"81,32",0,
72,Żeliwo,290,"8,75","0,15",626,"28,5",50,"2,86",6618,21,"8,82",116,17,6,"3,34",38,"85,95",1,2021-05-15
12,Beton,687,"8,82","-0,1",907,"18,7","25,7","4,99",5265,44,"8,7",82,13,3,"1,02",42,"11,07",0,
34,PVC,158,"7,52","1,09",260,"21,2","27,9","2,97",7089,44,"7,04",51,17,10,"0,96",16,"34,92",0,
33,Beton,1057,"7,71","0,27",301,"8,9","35,3","1,71",7965,49,"6,33",336,14,5,"2,47",23,"42,67",0,
48,Beton,117,"6,02","0,09",227,"12,4","99,9","3,05",9597,59,"8,11",123,2,5,"3,29",28,"31,61",0,
23,Beton,1142,"6,26","0,65",733,"6,7","34,1","4,26",8708,7,"8,19",184,19,0,"1,07",45,"12,72",0,
62,Żeliwo,113,"2,2","-2,205",172,28,"39,6","4,11",6569,26,"8,69",192,3,12,"3,74",27,"65,6",1,2021-04-30
88,Stal,723,"4,99","-0,375",380,"14,6","69,3","0,43",1491,15,"6,16",334,2,1,"3,72",44,"25,52",0,
37,PVC,414,"5,06","0,85",784,"18,9","36,5","3,83",5213,56,"6,43",341,2,3,"0,88",46,"19,06",0,
99,Żeliwo,232,"9,63","0,015",951,22,"29,4","0,61",4228,49,"7,79",177,7,5,"1,13",21,"84,21",0,
44,Beton,392,"4,88","0,32",449,"11,1","24,3","4,45",7508,42,"7,86",76,4,5,"2,83",27,"35,03",0,
86,Stal,996,"5,94","1,245",639,"21,6","38,1","0,28",4409,23,"6,1",454,17,0,"3,81",24,"29,69",0,
91,Żeliwo,161,"5,8","-3,915",195,"20,3","19,5","0,48",590,52,"7,19",178,6,7,"2,87",40,"76,19",0,
35,Beton,1182,"6,73",0,737,"21,2","11,7","1,52",7379,38,"7,75",70,7,1,"1,84",2,"31,4",0,
65,Żeliwo,345,"7,73","-0,18",800,"14,7","82,4","4,9",9735,41,"8,21",128,6,12,"0,76",12,"52,2",1,2021-12-05
99,Stal,390,"3,03","-0,48",357,"11,5","22,4","0,99",3056,15,"6,95",300,9,4,"1,9",30,"29,35",0,
47,PVC,991,"5,76","0,44",497,"6,7","79,8","0,41",2206,48,"7,45",57,4,3,"2,47",12,"16,48",0,
78,Stal,432,"8,43","-0,645",510,"24,7","81,8","0,01",2708,53,"8,44",132,5,4,"1,39",40,"26,61",0,
3,PVC,1053,"5,17","-0,5",344,"18,3","58,4","3,17",5981,40,"8,86",52,19,4,"2,09",17,"4,32",0,
1,PVC,349,"3,51","-0,29",396,"13,3","37,9","3,59",5722,16,"6,69",479,10,14,"0,61",36,"11,51",0,
5,Beton,188,"6,89","-0,61",53,"28,3","23,1","0,61",747,32,"6,76",266,18,9,"1,86",42,"38,31",0,
90,Stal,408,"8,41","0,585",834,"1,4","76,3","1,2",8992,37,"8,82",85,15,7,"0,45",33,"33,07",0,
14,PVC,885,"1,57","0,23",709,"25,5","64,1","3,98",6553,18,"7,19",55,1,9,"0,29",16,"8,33",0,
27,PVC,532,"7,99","-0,03",760,"29,9",69,"0,76",1497,20,"8,16",170,5,6,"3,44",20,"21,9",0,
9,PVC,958,"8,39","-0,22",690,"26,6","10,8","0,69",1379,46,"7,84",91,5,11,"0,9",35,"7,1",0,
79,Stal,1184,"5,15","1,23",343,"24,3","93,5","3,01",8871,2,"6,86",308,8,13,"2,34",49,"42,79",0,
15,PVC,915,"9,85","-0,94",326,"11,2",16,"2,97",7360,55,"7,96",161,15,8,"0,68",39,"5,46",0,
90,Stal,188,"8,08","2,25",225,"6,9",43,"0,15",3770,23,"7,97",195,17,11,"1,12",18,"32,71",0,
42,Beton,1045,"7,96","0,8",847,22,"46,2","0,45",3342,30,"7,78",99,19,10,"1,51",11,"30,35",0,
77,Żeliwo,272,"7,73","-0,165",920,"9,1","10,1","1,64",9088,3,"6,3",337,13,12,"0,66",27,"64,32",0,
51,Żeliwo,259,"2,36","0,15",866,"5,3","54,7","0,42",1546,46,"8,99",88,10,14,"0,28",10,"94,1",0,
63,Żeliwo,263,"2,96","1,335",518,"23,6","77,8","0,84",3126,39,"7,2",165,17,0,"3,52",47,"58,09",1,2022-09-30
96,Żeliwo,287,"5,18","-0,87",484,"9,4","84,1","1,61",5889,47,"7,91",189,5,5,"0,15",36,"59,05",0,
52,Żeliwo,494,"3,38","0,06",368,"27,4","89,1","2,08",6208,49,"8,66",108,18,5,"0,34",27,"78,59",0,
96,Stal,811,"4,74","-0,075",429,"25,2","53,9","3,36",8875,1,"7,27",125,17,1,"3,24",34,"36,94",0,
4,Beton,836,9,"-0,48",866,"25,4","66,8","0,51",1295,41,"8,32",181,4,10,"1,2",43,"37,49",0,
94,Stal,214,"8,42","0,96",908,"23,1","17,2","0,4",1385,22,"8,92",97,7,7,"2,92",14,"7,19",0,
23,PVC,1048,"6,67","0,8",898,"26,4","53,9","0,12",942,29,"7,08",191,5,5,"0,67",15,"4,95",0,
15,Beton,569,"8,72","0,56",930,"24,2","23,9","0,42",3280,14,"7,22",130,8,10,"1,03",44,"43,07",0,
43,Beton,566,"8,05","-0,61",633,"18,1","43,3","0,07",1033,48,"8,72",98,8,12,"2,33",6,"41,86",0,
29,Beton,706,"4,86","-0,83",453,"8,9","39,6","0,1",2786,28,"6,48",409,11,9,"3,96",46,"34,07",0,
36,PVC,662,"2,81","0,21",846,"26,6","48,1","0,42",2233,21,"6,09",270,9,8,"0,39",2,"30,3",0,
13,Beton,213,"5,63","-0,89",378,"25,2","61,4","0,31",1620,45,"8,73",186,19,9,"1,66",30,"18,34",0,
32,Beton,113,"7,63","0,44",248,"14,2","91,3","0,93",3535,32,"8,46",70,19,4,"0,27",11,"11,2",0,
71,Stal,1164,"4,93","0,09",712,"1,2","45,5","0,38",3205,6,"8,92",154,9,6,"0,88",7,"33,38",0,
59,Żeliwo,181,7,"3,945",176,"19,2","98,3","0,76",2882,54,"6,17",311,17,5,"3,64",24,"54,16",0,
86,Stal,316,"1,85","0,27",908,"1,5","78,3","0,53",170,1,"6,47",438,16,10,"0,48",43,"21,85",0,
28,Beton,295,"7,73","-0,15",468,"27,8",56,"1,75",8140,21,"6,32",455,7,14,"3,44",49,"15,16",0,
66,Stal,444,"8,31","-0,9",980,"28,8",68,"2,79",9745,57,"8,05",77,3,4,"0,79",34,"13,54",0,
42,PVC,525,"7,36","-0,39",962,"5,7","19,2","0,94",3897,4,"7,82",129,19,5,"3,46",11,"1,19",0,
45,PVC,1026,"9,71","0,05",882,"20,3",86,"2,31",9787,3,"7,08",106,8,3,"2,2",20,"26,02",0,
62,Stal,1093,"8,44","0,45",814,"2,8","62,4","4,12",9815,49,"6,17",338,5,2,"3,53",25,"49,41",0,
57,Żeliwo,141,"9,13","-4,275",119,"21,9","98,7","0,37",4122,30,"7,92",101,6,12,"0,69",1,"64,04",1,2020-06-20
6,PVC,1067,"9,4","0,53",331,"10,4","67,3","2,29",5109,31,"7,71",133,2,0,"3,07",13,"44,87",0,
28,PVC,932,"8,21","0,95",586,"20,4","85,1","4,35",9283,34,"6,34",316,19,0,"2,75",45,"31,06",0,
28,Beton,196,"7,07","0,63",201,"11,2",82,"0,01",2837,19,"8,73",176,13,5,"2,22",3,"24,07",0,
44,Beton,715,"1,05","-0,86",342,"4,4","41,1","4,35",8599,20,"6,6",216,6,13,"3,26",16,"49,52",0,
84,Żeliwo,116,"5,19","0,24",68,"12,2","33,4","1,61",5228,23,"8,23",167,6,8,"2,63",46,"96,75",0,
30,PVC,869,"6,14","0,49",300,"3,4","48,7","0,63",4169,54,"8,66",142,2,7,"3,52",47,"45,84",0,
62,Żeliwo,492,"3,74","-0,18",872,"17,3","52,1","3,57",6721,59,"7,74",116,5,11,"1,59",4,"50,71",0,
75,Żeliwo,228,"3,86","0,96",569,"1,2","31,6","0,46",679,40,"6,74",333,11,1,"2,4",23,"71,92",1,2022-01-16
92,Żeliwo,229,"9,65","0,15",479,"15,8","90,5","4,63",7429,25,"6,93",313,11,8,"3,5",48,"86,44",0,
89,Stal,744,"9,03","1,29",817,"26,6","58,8","2,45",5487,15,"8,66",59,14,7,"0,94",6,"19,22",0,
62,Stal,1175,"8,64","1,35",402,"25,1","98,1","0,5",236,38,"6,89",338,13,13,"1,99",22,"6,81",0,
97,Żeliwo,128,"4,65","-0,885",219,"26,5","82,9",3,6804,23,"8,24",167,8,13,"3,85",46,"79,03",0,
1,Beton,448,"1,12","-0,09",882,"27,7",60,"0,89",2423,52,"8,97",146,15,11,"1,95",16,"44,45",0,
27,Beton,764,"1,72","0,22",389,"3,1","95,2","0,79",1032,2,9,55,12,8,"1,09",11,"37,63",0,
62,Żeliwo,341,"3,81","-0,735",525,"3,9","55,4","3,77",6339,57,"7,6",67,3,3,"1,47",10,"58,86",1,2024-03-03
77,Żeliwo,413,"1,14","-0,285",969,"16,7","89,8","0,55",2940,57,"8,48",121,5,8,"3,55",10,"52,78",1,2021-06-06
3,Beton,548,"1,15","0,36",425,"26,8","42,2","4,41",5409,15,"8,97",138,6,1,"3,82",33,"30,82",0,
70,Stal,1023,"9,25","-0,825",508,"29,2","44,1","0,44",3132,52,"7,12",91,2,12,"3,81",46,"20,81",0,
72,Stal,131,"7,36","4,485",204,"1,4","47,6","2,07",7080,44,"6,76",357,8,0,"2,83",36,"25,15",0,
27,Beton,653,"3,78","0,39",373,"10,7","59,2","0,83",4942,35,"6,34",298,5,12,"2,09",49,"34,91",0,
9,Beton,821,"2,19","-0,82",926,"6,4","59,8","2,58",6961,10,"6,42",424,17,8,"0,81",28,"23,36",0,
62,Żeliwo,389,"5,6",0,490,"22,7","54,7","3,71",7730,14,"8,56",153,2,9,"0,58",47,"81,9",1,2021-09-28
37,PVC,414,"1,05","-0,47",981,"19,2","37,5","0,02",633,27,"7,77",93,11,7,"0,33",35,"26,03",0,
97,Stal,212,"9,45","0,675",355,"3,6","93,4","4,98",6822,54,"8,62",72,4,6,"0,17",26,"17,81",0,
51,Stal,1121,"4,73","-0,93",852,"14,5",63,"0,17",4103,14,"8,37",96,11,13,"3,52",41,"14,54",0,
44,Beton,560,"4,62","0,78",331,"20,6","46,7","4,81",9584,35,"8,02",62,9,12,"3,26",21,"16,41",0,
24,Beton,165,"4,52","1,29",210,"23,4","68,6","4,34",6487,33,"7,83",193,6,7,"2,31",1,"21,95",0,
79,Żeliwo,443,"1,62","-0,9",873,"0,6","79,1","0,4",3446,52,"6,15",247,2,11,4,46,"63,78",0,
59,Żeliwo,272,"6,74","-0,18",966,"26,7","96,5","4,26",5738,1,"8,62",65,15,0,"3,82",35,"83,84",0,
32,Beton,930,"7,6","-0,18",583,"17,1",55,"0,1",3098,34,"7,25",168,5,13,"2,65",47,"33,39",0,
96,Stal,786,"7,09","-0,21",793,"24,4","20,1","2,01",8097,19,"7,68",166,12,8,"1,91",29,"23,56",0,
88,Stal,889,"2,25","0,255",486,"24,2","49,7","2,48",5476,24,"6,07",206,13,11,"0,69",6,"0,09",0,
52,Żeliwo,107,"6,21","-1,755",229,"5,7","53,1","1,08",8253,42,"8,81",171,17,9,"2,11",11,"90,88",0,
62,Żeliwo,432,"6,13","-1,05",741,"3,3","90,7","3,1",5181,4,"8,71",87,4,10,"0,72",2,69,0,
58,Stal,886,"8,82","-1,305",429,"21,6","45,5","0,24",1817,36,"7,63",93,10,8,"1,65",16,"19,41",0,
52,Żeliwo,186,"4,41","-3,81",221,"4,7","95,8","3,1",8824,13,"7,73",144,1,14,"3,78",40,"71,59",1,2022-09-08
12,PVC,992,"4,34","0,12",591,"25,5","53,7","0,63",4887,58,"8,12",123,11,11,"1,43",31,"10,24",0,
39,Beton,336,"6,57","-0,28",413,"21,8","97,6","0,34",2598,32,"6,79",259,16,10,"0,7",7,"45,79",0,
2,Beton,769,"6,7","0,62",498,"25,3","10,7","1,65",9492,9,"6,67",339,11,8,"2,37",22,"46,16",0,
3,Beton,1187,"5,22","-0,22",312,9,"90,9","0,03",2653,39,"8,02",101,9,12,"2,45",37,"7,3",0,
56,Żeliwo,116,"4,99","-1,605",220,"9,5","93,8","0,13",1454,16,"6,31",324,2,13,"0,86",29,"97,6",0,
81,Żeliwo,232,"5,45","-0,585",900,"20,1","96,5","0,69",1138,50,"7,36",108,7,5,"0,87",14,"70,43",1,2021-08-20
59,Żeliwo,247,"8,75","-1,275",514,"0,9","11,2","4,19",5807,3,"7,48",62,19,3,"3,96",9,"58,15",0,
2,PVC,955,"5,15","0,87",743,"21,8","25,5","0,86",3192,52,"7,14",61,18,12,"1,05",37,"8,93",0,
2,Beton,369,"9,46","-0,21",811,"25,1","68,8","3,29",6116,20,"6,56",275,7,1,"3,37",14,"7,29",0,
92,Stal,175,"5,54","1,56",235,"12,5","12,3","0,22",3759,10,"7,07",106,9,10,"1,93",29,"0,21",0,
54,Stal,326,"9,54","-0,66",373,"22,9","15,7",1,3029,56,"7,01",168,12,3,"1,8",45,"47,04",0,
87,Stal,243,"8,5","0,435",836,"5,2","29,9","1,53",9552,58,"7,5",106,3,6,"1,25",25,"41,46",0,
96,Stal,745,"4,26","1,125",400,"9,7","56,1","3,86",5095,58,"8,02",57,16,0,"3,12",44,"3,87",0,
97,Żeliwo,498,"8,77","-1,38",475,"29,2","59,1","0,18",63,22,"8,9",155,7,13,"3,53",13,"59,11",1,2020-02-02
1,Beton,68,"1,99","-0,41",171,"29,6","13,1","0,61",1345,48,"6,43",487,5,8,"1,12",2,"11,64",0,
19,PVC,313,"9,33","0,14",416,"15,4","25,3","0,73",974,3,"8,62",169,7,2,"0,47",35,"13,2",0,
2,PVC,843,"6,68","0,21",465,28,55,"0,31",4161,11,"6,85",406,19,12,"0,63",25,"43,71",0,
53,Stal,162,"1,49","-2,61",172,"15,7","63,5","2,42",5962,25,"7,77",121,17,12,"3,19",13,"5,72",0,
44,Beton,591,"6,8","0,75",728,"8,7","23,4","2,01",9814,42,"7,64",180,16,3,"1,8",30,"30,07",0,
90,Żeliwo,360,"9,77","-1,365",643,8,"45,9","3,78",8649,48,"7,67",62,19,11,"0,61",13,"58,43",0,
32,PVC,628,"1,63","-0,48",723,"27,9","91,4","4,08",6596,8,"8,17",186,18,4,"1,43",39,"9,54",0,
70,Żeliwo,451,"5,99","1,125",665,"5,2","99,9","0,58",3330,9,"7,15",101,19,11,"2,11",9,"64,66",0,
32,PVC,74,"7,73","-2,71",142,"17,4","98,8","0,17",1740,15,"6,96",468,4,12,"3,42",8,"47,02",0,
68,Żeliwo,419,"8,29","-1,44",908,"16,7","89,4","4,4",6055,32,"8,56",168,1,2,"2,6",45,"93,84",1,2020-04-03
55,Stal,960,"4,72","0,045",956,"22,2","45,5","1,04",6321,53,"6,66",222,4,3,"0,79",39,"6,61",0,
75,Stal,190,"2,84","3,795",243,15,"71,8","0,4",1954,3,"6,54",441,4,4,"0,72",42,"42,47",0,
56,Stal,697,"1,38","-0,3",429,"8,2","47,5","0,76",279,4,"6,05",306,9,11,"1,71",41,"46,87",0,
17,PVC,237,"6,22","-0,41",651,"5,1","68,4","0,48",2391,30,"6,63",341,8,0,"0,39",17,"13,85",0,
38,Beton,250,"5,08","0,36",617,"18,6","37,8","1,99",9232,13,"7,56",102,2,13,"3,05",35,"16,67",0,
24,PVC,1200,"9,54","-0,58",948,"21,6","64,6","1,04",6439,44,"7,62",112,6,8,"1,67",35,"6,32",0,
69,Żeliwo,322,"1,55","0,9",636,"17,1","57,1","0,42",961,21,"6,76",444,11,9,"1,44",11,"61,06",1,2021-07-14
98,Żeliwo,235,"7,17","0,915",572,"22,2","12,2","1,55",6827,41,"6,22",390,4,12,"2,09",49,"57,56",1,2023-07-23
70,Żeliwo,355,"1,22","-0,255",416,"4,2","81,2","0,55",1217,57,"8,23",106,14,9,"2,86",39,"57,23",1,2024-07-09
86,Stal,752,"2,54","-0,645",667,"26,5","11,1","1,67",8566,46,"8,27",196,9,12,"2,32",2,"0,34",0,
11,PVC,1177,"5,08","-0,43",393,"17,5","36,4","3,11",6007,19,"8,99",116,2,13,"3,23",17,"16,93",0,
16,Beton,851,"5,09","-0,04",467,"3,8","10,5","0,4",4130,39,"8,7",95,1,3,"2,55",6,"22,66",0,
97,Stal,991,"7,17","0,66",640,"13,9","43,9","0,27",1392,48,"8,78",143,4,12,"3,17",30,"28,32",0,
73,Żeliwo,481,"9,19","-0,42",960,"25,3","15,7",1,2076,22,"8,39",187,12,8,"2,82",0,"60,54",0,
59,Żeliwo,423,"6,75","0,33",994,"26,9","92,2","1,15",8966,20,"7,85",162,5,3,"0,85",30,"87,56",1,2021-05-14
70,Żeliwo,177,"9,58","-4,485",205,"7,9","47,4","0,88",4316,37,"6,39",212,9,13,"0,3",12,"57,52",1,2022-08-14
80,Żeliwo,204,"8,93","-0,585",885,"21,3","51,4","3,96",6196,31,"7,87",195,4,0,"3,62",28,"89,95",0,
93,Stal,94,"6,26","3,66",269,3,"41,5","0,34",4589,10,"6,17",485,16,11,"3,79",2,"47,4",0,
3,Beton,132,"8,5","-2,67",228,1,"66,5","4,19",8142,18,"8,66",98,2,4,"2,94",28,"17,99",0,
20,PVC,1196,"6,78","-0,55",795,"16,8","80,6","2,73",6260,43,"7,45",72,16,12,"2,92",34,"5,01",0,
59,Żeliwo,218,"1,71","-0,285",400,"20,8","68,3","2,81",8471,39,"8,09",111,16,8,"1,15",14,"87,46",0,
36,Beton,1139,"7,67","0,7",856,"23,9","77,3","3,05",7897,46,"6,16",349,11,2,"2,22",20,"13,27",0,
19,Beton,985,"1,85","0,6",381,"10,2","91,5","0,34",4841,20,"7,6",122,1,4,"3,97",18,"8,94",0,
90,Stal,424,"6,35","-0,705",828,"0,2","87,7","2,09",7161,18,"6,9",492,15,2,"3,44",27,"32,49",0,
67,Żeliwo,365,"7,32","-0,765",372,"14,4","70,7","1,49",9666,11,"6,85",471,4,11,"1,29",3,"66,01",0,
19,PVC,371,"1,6","-0,55",313,"0,5","29,3","0,6",1059,22,"7,17",138,18,2,"1,27",44,"15,63",0,
20,Beton,499,"3,08","-0,32",732,"2,8","67,4","0,85",1922,59,6,214,17,0,"1,99",12,"28,89",0,
96,Stal,1086,"9,24",0,456,"9,8","55,5","2,77",6101,44,"7,4",58,7,1,"1,68",14,"36,52",0,
71,Stal,233,"6,55","-0,18",431,"13,1","74,5","0,74",4592,18,"7,46",61,18,1,"1,55",47,"19,92",0,
52,Stal,160,"3,22","1,65",91,"8,4",85,"2,98",6349,58,"8,59",188,13,8,"2,55",38,"3,32",0,
33,PVC,557,"7,22","-0,74",703,"17,5","76,8","0,38",2473,34,"7,35",162,10,6,"0,14",31,"11,46",0,
40,Beton,344,"6,37","-0,97",675,"1,7","86,2","3,18",8108,23,"7,09",57,1,7,"3,08",2,"44,15",0,
39,PVC,953,"5,51","-0,69",858,"4,3","15,7","3,96",8096,1,"8,98",85,2,1,"2,99",29,"41,22",0,
82,Stal,1023,"9,79","0,615",406,"20,9","12,8","3,82",6748,55,"7,71",174,17,8,"3,34",19,"4,33",0,
1,Beton,681,"7,15","-0,51",919,"4,3","33,3","0,69",4549,10,"7,42",99,3,12,"3,38",1,"11,2",0,
11,Beton,1100,"4,38","-0,06",564,"19,2","91,1","0,02",594,53,"7,49",156,17,2,"2,31",49,"38,46",0,
92,Stal,782,"8,2","0,27",504,"1,6","84,1","4,49",5452,1,"8,43",58,12,9,"3,14",24,"24,29",0,
57,Stal,370,"8,96","1,155",378,"12,2","71,4","0,07",506,38,"7,02",116,12,12,"2,02",10,38,0,
89,Żeliwo,479,"2,13","1,17",454,"5,3","73,1","0,57",4889,39,"7,17",102,10,1,"3,81",0,"82,47",0,
50,Beton,486,"2,8","0,49",546,"3,3","75,4","4,06",7637,49,"8,27",131,7,11,"0,84",47,"47,63",0,
23,PVC,830,"2,95","-0,93",830,17,"94,8","3,33",8212,9,"6,22",433,10,0,"3,67",48,"39,18",0,
31,Beton,1126,"7,22","0,15",837,"27,9","84,9","0,84",1399,31,"8,6",194,18,8,"1,11",47,"9,87",0,
94,Żeliwo,370,"6,43","0,855",453,"1,6","66,1","0,56",3201,7,"7,29",102,6,7,"0,5",9,"58,88",0,
42,Beton,80,"6,57","2,04",59,"12,6","69,9","1,12",7854,17,"7,74",163,7,12,"1,81",16,"5,65",0,
99,Żeliwo,282,"9,47","0,15",985,"21,2","29,2","3,99",6763,35,"8,27",112,17,14,"2,5",29,"76,29",0,
7,PVC,232,"7,98","0,72",391,"13,9","69,2","4,04",7962,48,"6,8",374,12,11,1,34,"32,98",0,
16,Beton,1096,"2,15","-0,05",732,"24,2","48,2","4,81",5190,37,"8,67",68,17,10,"2,27",49,"16,51",0,
90,Żeliwo,433,"4,13","-1,485",637,"5,4","23,8","1,22",5681,52,"8,94",173,18,3,"3,25",18,"58,62",0,
60,Stal,1147,"4,92","-1,47",779,"28,8","82,6","0,39",3678,18,"7,48",135,14,6,"1,1",45,"12,24",0,
2,Beton,1083,"4,56","-0,17",992,"11,6","55,9","0,85",336,33,"8,81",119,11,11,"2,36",33,"36,06",0,
1,PVC,709,"7,02","-0,69",430,"10,2",98,"0,91",1667,4,6,402,2,13,"1,42",31,"17,98",0,
48,Beton,209,"9,03","0,33",749,"26,2","35,4","0,51",909,23,"8,68",157,1,2,"2,17",11,"39,52",0,
12,PVC,1087,"3,75","0,42",572,"16,9","53,3","3,25",8467,11,"6,93",456,11,2,"2,7",42,"6,83",0,
69,Żeliwo,387,"5,97","-0,96",887,"15,5","50,3","2,92",9083,52,"6,93",274,2,3,"1,47",16,"95,57",1,2022-06-20
37,PVC,1061,"8,1","0,78",476,"21,8","20,9","1,42",8204,9,"6,68",401,16,1,"3,98",5,"23,2",0,
32,PVC,102,"4,75","-1,97",116,"17,4","48,4","3,45",5122,30,"6,95",341,3,13,"2,3",12,"21,19",0,
9,Beton,457,"2,51","-0,71",942,"4,9","35,9","3,95",8153,8,"6,64",405,1,9,"3,32",38,"21,65",0,
99,Żeliwo,221,"5,27","0,795",348,"20,2","24,4","0,48",973,40,"8,72",113,8,3,"2,93",21,"76,5",0,
19,Beton,1095,"1,5","0,58",866,4,"35,4","0,45",4270,5,"8,7",56,19,9,"3,43",10,"49,44",0,
48,PVC,1103,"9,48","0,28",965,"24,2",31,"0,42",1408,12,"6,31",427,1,2,"0,78",6,"9,66",0,
80,Stal,752,"1,67","1,065",654,"29,7","76,1","0,51",2288,1,"6,43",378,5,7,"0,97",44,"38,43",0,
3,PVC,309,"4,95","0,47",607,"11,3","12,8","4,46",8738,15,"8,59",95,1,10,2,44,"27,59",0,
20,Beton,1132,"5,77","0,76",929,"13,3","65,6","0,55",1218,25,"7,2",159,11,1,"3,42",20,"20,68",0,
24,PVC,825,"9,87","-0,13",345,"1,4","78,5","0,95",1420,18,"6,51",403,9,10,"0,87",0,"31,68",0,
54,Stal,1085,"2,49","0,75",601,"0,4","53,3","2,74",9646,38,"7,53",77,5,8,"3,89",29,"42,68",0,
33,Beton,899,"2,03",1,707,"27,6","93,8","0,72",3377,42,"7,25",136,2,2,"0,6",18,"23,33",0,
24,Beton,403,"1,08","0,45",488,"3,9","73,7","3,3",7501,46,"6,66",277,13,3,"0,78",46,"43,24",0,
75,Stal,1148,"2,4","-1,155",428,"13,4","77,3","0,68",4098,53,"8,16",178,18,12,"0,75",45,"4,69",0,
72,Stal,922,"2,87","0,06",860,"24,5","27,7","0,61",2738,26,"7,89",58,12,9,"2,39",28,"32,65",0,
36,Beton,1040,"6,68","0,17",836,"26,7",80,"3,04",7619,40,"6,3",462,14,13,"3,68",34,"16,66",0,
38,Beton,1067,"2,98","-0,65",565,"15,6","84,9","0,86",1842,59,"8,78",71,5,14,"1,09",19,"19,34",0,
84,Żeliwo,459,"1,18","1,395",417,17,"42,5","4,43",8938,3,"7,68",119,10,9,"2,26",35,"62,93",0,
99,Żeliwo,337,"8,44","-0,975",763,"20,1","29,2","0,12",2816,54,"6,75",449,2,14,"0,79",38,"68,19",1,2019-10-23
89,Żeliwo,234,"4,29","-0,96",443,"28,8","44,7","4,89",9063,22,"6,62",275,4,14,"2,56",0,"93,66",0,
99,Stal,1161,"4,18","1,245",741,"18,1","76,6","0,41",494,26,"6,41",273,12,2,"0,58",22,"15,42",0,
25,PVC,867,"3,72","-0,07",499,"16,8","47,6","4,83",6560,19,"7,27",189,11,2,"2,02",30,"30,92",0,
93,Żeliwo,323,"9,78","-1,305",456,"0,4","76,3","1,36",5510,44,"6,41",272,4,7,"2,66",34,"67,47",0,
18,PVC,374,"2,53","0,2",786,"2,4","20,2","0,43",3444,44,"7,25",66,11,7,"2,36",46,"16,17",0,
82,Stal,989,"9,08","0,3",433,"17,3","82,5","1,19",9267,47,"6,45",293,9,12,"0,65",44,"10,25",0,
66,Stal,938,"7,99","-1,305",447,"28,1","32,8","3,82",7543,60,"7,97",78,10,12,"0,73",21,"38,72",0,
54,Stal,717,"1,69","1,425",635,26,"32,4","4,4",7562,39,"8,36",184,6,5,"2,72",45,"39,99",0,
35,Beton,682,"9,88","0,09",370,"29,5","63,1","0,5",3994,59,"7,65",93,15,3,"3,25",6,"10,69",0,
80,Żeliwo,444,"3,44","0,18",532,"15,8","16,3","4,71",7253,36,"8,04",182,10,0,"3,64",32,"61,14",1,2023-06-28
61,Żeliwo,121,"1,89","-0,24",275,"23,6","12,4","0,75",45,21,"8,82",183,6,3,"3,27",44,"90,13",0,
41,Beton,477,"8,46","0,22",965,"25,2","33,5","0,28",2057,41,"7,92",56,1,7,"3,9",35,"44,23",0,
100,Stal,661,"7,36","-0,705",389,"19,4","58,4","0,44",663,54,"7,09",103,4,5,"1,69",43,"38,71",0,
33,PVC,960,"6,55","-0,43",633,"10,2","91,7","0,09",4668,48,"7,35",95,14,1,"1,39",6,"3,73",0,
68,Żeliwo,357,"2,4","0,03",498,"14,1","86,2","0,29",2029,26,"8,58",187,8,2,"0,21",26,"90,39",0,
33,PVC,190,"5,31","-0,9",278,"25,7","54,1","4,62",5717,13,"6,39",261,11,11,"1,85",1,"1,84",0,
14,Beton,1156,"8,03","-0,9",837,9,"13,3","0,15",2696,36,"6,98",306,15,6,"2,64",16,"12,66",0,
21,Beton,226,"3,73","0,21",420,"27,7","58,2","4,91",8831,24,"7,73",110,19,10,"3,28",0,"45,95",0,
48,Beton,247,"3,81","0,61",600,"6,9","73,4","0,92",2663,41,"8,03",160,8,10,"1,14",45,"43,22",0,
20,PVC,673,"1,03","-0,69",874,"22,5","40,5","0,68",2745,26,"8,29",86,13,3,"2,1",29,"39,07",0,
8,Beton,740,"2,57","-0,97",735,"18,9",20,"4,29",5004,21,"6,95",361,18,3,"2,68",21,"22,88",0,
7,Beton,450,"8,88","-0,37",367,"22,5","35,1","2,64",6321,18,"6,44",311,17,14,"2,25",27,"16,07",0,
67,Stal,520,"4,98","0,27",758,"13,1","79,4","4,96",5125,15,"8,86",137,6,14,"1,17",32,"44,08",0,
17,PVC,267,"9,86","-0,72",813,28,"41,6","0,89",4948,15,"6,23",297,15,4,"3,21",25,"32,85",0,
33,Beton,978,"4,56","-0,15",697,19,"83,1","0,72",4402,6,"6,29",446,13,7,"0,78",34,"14,78",0,
48,PVC,681,"7,44","0,1",919,"8,6","38,8","0,64",3427,43,"7,48",132,18,13,"3,63",10,"23,16",0,
76,Stal,1000,"3,54","0,3",585,"19,2","24,7","2,29",5912,31,"8,46",58,11,13,"3,82",6,"44,08",0,
59,Żeliwo,102,"4,27","-4,08",61,"8,6","49,2","0,41",394,28,"8,32",127,13,6,"1,53",27,"75,15",1,2024-04-07
86,Żeliwo,290,"2,72","-0,3",439,"8,8","50,7","0,04",3597,8,"8,81",173,1,8,"1,57",24,"92,65",0,
22,Beton,72,"4,12","2,48",258,12,"11,4","0,78",329,29,"6,42",449,18,14,3,40,"36,63",0,
30,PVC,284,"5,93","0,88",889,"25,6","20,5","0,68",772,21,"7,13",91,5,4,"1,88",30,"1,96",0,
38,PVC,1086,"9,93","0,72",909,15,"26,6","4,11",8135,17,"6,85",471,6,0,"0,21",2,"30,23",0,
51,Stal,1174,"6,98","0,195",581,"20,4","20,2","0,9",1645,56,"8,58",138,1,3,"3,69",32,"34,45",0,
54,Żeliwo,394,"2,79","-0,27",960,"11,8","40,7","2,64",9924,57,"7,47",126,7,5,"1,78",33,"81,1",1,2019-10-21
8,PVC,572,"1,4","-0,33",877,"7,9","96,8","0,29",1787,49,"6,08",379,4,5,"0,89",20,"42,19",0,
27,Beton,480,"2,14","-0,75",756,"28,6","55,8","4,44",9815,24,"8,12",146,9,8,"2,27",36,"46,41",0,
27,PVC,842,"6,06","-0,79",386,"18,1","66,5","0,8",999,58,"7,17",147,15,9,"0,95",48,"11,9",0,
98,Stal,582,"7,89","0,57",378,28,"42,1","0,51",1848,60,"7,59",105,6,12,"0,9",18,"42,29",0,
21,PVC,1028,"9,46","-0,48",504,"6,1","39,1","0,13",1561,50,"8,68",149,17,4,"2,23",36,"33,28",0,
30,PVC,859,"1,14","-0,49",636,"4,4","12,1","0,22",773,36,"6,77",444,18,4,"1,63",20,"29,03",0,
97,Żeliwo,235,"5,7","1,5",553,"25,7",55,"2,9",7311,31,"6,72",489,4,5,"2,33",13,"86,43",0,
28,PVC,1174,"5,24","-0,62",603,"20,4","53,5","1,77",5179,47,"6,79",359,9,10,"3,99",9,"14,28",0,
64,Stal,920,"6,9","-1,05",679,"5,6","24,2","0,84",1803,34,"7,01",179,14,5,"3,45",6,"39,54",0,
97,Żeliwo,243,"6,04","-1,2",429,"8,1","78,8","3,65",9290,2,"6,32",208,3,2,"0,13",28,"64,93",0,
69,Żeliwo,171,"7,18","0,195",74,24,"54,3","0,81",2050,42,"8,09",179,1,5,"0,3",39,"82,07",1,2023-11-24
61,Stal,276,"6,92","0,39",575,"13,6","40,5","2,62",9790,3,"6,62",494,11,7,"2,48",7,"22,55",0,
48,PVC,922,"2,05","-0,27",998,"20,1","23,2","0,79",747,30,"8,78",129,1,11,"2,54",38,"5,85",0,
19,Beton,941,"8,2","0,07",857,"9,6","59,7","3,59",8125,8,"6,65",309,12,5,"3,52",12,"19,08",0,
4,PVC,1086,"2,11","0,58",482,"11,4","77,8","4,48",5860,52,"6,77",268,9,11,"2,55",45,"11,67",0,
35,Beton,259,"7,29","0,64",567,"29,7","35,4","0,03",3973,7,"6,89",335,5,10,"0,99",18,"5,03",0,
64,Żeliwo,203,"4,75","1,38",621,"7,4","29,7","4,48",9745,12,"8,31",76,15,4,"1,93",10,"79,45",1,2020-01-18
49,PVC,446,"5,62","0,65",811,"15,2",57,"0,9",1615,58,"7,28",51,18,2,"3,26",1,39,0,
17,PVC,1173,"9,13","0,13",911,"25,3",24,"0,24",3754,19,"8,46",187,9,0,"3,7",48,"44,07",0,
44,PVC,80,"9,01","1,25",237,"7,2",70,"1,56",5506,26,"8,35",68,13,4,"1,02",5,"46,36",0,
92,Żeliwo,453,"8,36","-1,2",638,"12,5","64,5","0,97",4221,28,"8,79",190,13,5,"2,2",28,"71,64",0,
30,Beton,698,"5,59","-0,89",973,"18,5","17,8","2,56",5291,15,"8,27",163,13,13,"0,72",40,"41,51",0,
93,Żeliwo,483,"7,63","0,495",855,"14,4","13,3","3,05",5854,14,"6,16",476,10,5,"2,04",4,"95,64",0,
46,PVC,1001,"5,62","0,62",808,"13,8","65,8","0,32",216,48,"8,51",144,10,13,"0,45",40,"39,51",0,
6,PVC,1173,"8,83","0,02",537,"10,9","36,5","0,04",1359,59,"8,81",198,7,5,"3,77",29,"39,16",0,
99,Żeliwo,318,"4,62","-1,335",433,"17,6","17,8","0,92",3774,14,"8,98",106,5,2,"2,59",38,"67,16",0,
37,Beton,211,"9,73","0,07",491,"18,7","78,3","1,69",5417,3,"6,38",322,7,14,"3,43",35,"33,1",0,
24,PVC,825,"9,39","0,87",655,"19,6","38,3","0,55",4927,50,"7,84",119,10,3,"3,99",26,"22,63",0,
93,Stal,323,"7,67","0,3",577,"2,1","51,4","0,27",4429,29,"6,6",325,10,14,"0,81",49,45,0,
46,PVC,1076,"3,51","0,62",317,"18,9","31,3","0,07",4606,60,"6,79",474,13,2,"2,81",17,"34,77",0,
53,Stal,1101,"2,18","0,9",823,"28,6","66,5","0,05",4478,54,"8,24",140,15,1,"3,56",48,"47,55",0,
95,Żeliwo,333,"8,69","1,29",479,"16,2","37,1","0,12",1896,6,"8,93",54,6,7,"2,35",35,"68,62",0,
99,Żeliwo,189,"2,49","1,005",269,"21,5","97,1","3,61",7366,49,"7,78",106,12,6,"2,59",15,"66,59",0,
60,Żeliwo,413,"8,69","0,75",545,"16,7","73,3","0,76",4427,23,"8,55",141,19,10,"1,69",4,"96,58",1,2021-07-06
97,Żeliwo,153,"5,42","-1,26",117,"25,6","22,3","3,1",5361,28,"6,03",336,11,7,"2,73",8,"93,58",0,
63,Stal,871,"4,66","-1,32",350,"27,9","47,5","1,83",9091,14,"6,11",357,6,12,"1,64",33,"19,31",0,
85,Żeliwo,308,"9,13","0,06",370,"5,5","44,7","0,42",641,14,"7,79",161,1,5,"1,96",33,"67,67",0,
32,PVC,405,"6,43","-0,75",779,"13,1","58,1","3,22",5346,20,"7,17",197,2,10,"0,5",35,44,0,
87,Stal,284,"6,19","1,38",859,"11,8","85,8","0,91",4729,13,"8,67",62,15,14,"0,13",30,"12,73",0,
33,Beton,276,"6,03","-0,42",318,"12,2","62,5","0,72",3627,27,"6,91",327,4,11,"0,32",19,"1,45",0,
67,Stal,98,"4,34","-4,185",203,"3,8","15,5","2,47",6594,60,"7,3",158,5,14,"0,85",16,"26,06",0,
18,Beton,167,"8,07","0,81",185,"24,4",69,"2,46",8387,35,"7,58",196,15,13,"1,88",19,"23,56",0,
25,Beton,103,"3,28","2,15",55,"1,1","10,7","0,38",3275,45,"6,82",374,11,6,"0,18",27,"15,34",0,
95,Żeliwo,342,"9,45","1,305",918,"15,8","80,2","0,61",4050,56,"8,73",151,10,0,"0,71",20,"60,84",1,2020-01-11
54,Stal,1117,"9,05","-0,405",656,"19,9",70,"0,62",4553,2,"7,39",105,17,9,"3,15",18,"37,47",0,
58,Żeliwo,169,"4,04","3,525",225,"6,2","37,8","0,48",4925,41,"7,27",94,2,4,"3,07",2,"81,54",0,
67,Żeliwo,411,"7,57","-1,185",742,"27,2","36,3","0,4",2304,45,"8,55",109,10,3,"3,18",29,"80,72",1,2024-03-29
46,Beton,1175,"6,16","0,34",368,"25,2","81,8","0,99",3343,40,"6,94",477,3,9,"3,69",4,"34,62",0,
24,Beton,917,"4,04","-0,42",822,"14,1","80,5","0,82",2056,48,"8,45",86,19,2,"0,56",41,"48,76",0,
32,PVC,447,"9,9","0,17",442,"12,3","41,7","0,43",2808,24,"6,37",340,5,1,"0,74",5,"30,6",0,
47,PVC,724,"1,23","0,18",491,"7,1","36,9","4,78",7092,29,"6,55",294,3,13,"1,4",2,"8,57",0,
86,Żeliwo,210,"3,27","0,66",686,"21,9","60,4","1,86",9416,3,"8,85",144,8,13,"3,67",48,"60,99",0,
23,PVC,160,"5,68","-2,83",197,4,"10,8","1,3",7226,45,"8,53",151,5,8,"3,12",41,"26,42",0,
66,Żeliwo,231,"5,7","0,045",880,"20,4","17,4","0,35",886,4,"7,16",91,12,7,"1,36",23,"60,08",1,2020-08-28
27,Beton,66,"6,3","-1,34",131,"25,3","21,4","4,39",8584,50,"7,92",50,14,9,"0,44",43,"7,47",0,
2,PVC,933,"7,77","0,67",992,"6,9","26,7","4,97",9867,2,"8,83",72,7,14,"2,5",0,"33,3",0,
90,Stal,590,"6,61","-0,57",592,26,"56,1","3,72",7720,20,"6,64",341,11,1,"1,1",49,"45,63",0,
17,Beton,220,"6,4","0,02",308,1,"99,3","0,36",2446,54,"6,18",400,8,5,"2,17",35,"26,6",0,
33,Beton,458,"1,48","-0,2",570,"27,4","68,7","0,58",3905,53,"7,61",67,5,2,"3,77",14,"14,43",0,
9,Beton,789,"4,39","0,71",686,"3,6","15,5","4,38",6474,15,"6,43",483,8,2,"2,33",40,"6,37",0,
43,PVC,907,"3,09","-0,14",392,"19,4","57,3","0,17",3591,49,"6,56",416,12,4,"3,7",37,"14,8",0,
48,Beton,279,"3,39","-0,23",828,"7,5","54,7","0,89",2181,32,"8,67",164,15,6,"1,63",43,"17,74",0,
39,Beton,168,"5,99","1,3",224,"25,1",23,"4,74",5011,42,"6,02",227,19,6,"2,57",17,"35,5",0,
93,Stal,833,"2,8","0,3",704,"15,4","92,8","2,73",5030,1,"8,45",55,16,10,"3,59",22,"8,93",0,
42,PVC,514,"3,65","-0,79",448,"4,1","49,7",1,354,38,"7,55",102,14,9,"2,39",46,"5,31",0,
26,Beton,153,"3,13","-2,89",288,"17,1","99,5","0,37",2631,35,"7,68",74,7,0,"2,5",28,"19,35",0,
99,Żeliwo,287,"9,54","0,705",721,"12,2","47,8","0,3",1521,51,"8,02",148,8,10,"2,89",40,"53,49",0,
50,PVC,224,"9,5","0,98",917,"19,8","64,7","0,86",2672,7,"7,29",114,7,6,"3,54",21,"31,42",0,
25,Beton,794,"6,49","0,26",771,"26,5","19,4",1,2337,45,"6,35",304,18,6,"0,44",23,"35,38",0,
24,Beton,714,"9,32","-0,26",846,"12,3","50,9","4,53",6968,13,"6,31",223,6,5,"1,41",44,"44,46",0,
13,PVC,82,"8,07","0,15",232,"8,7","31,5","0,8",628,49,"8,26",88,19,5,"1,65",47,"14,45",0,
60,Żeliwo,170,"6,31","-2,7",252,"0,4","85,2","3,36",7162,1,"6,66",234,4,12,"3,65",12,"78,08",0,
7,PVC,568,"1,06","0,63",802,"17,2","80,6","0,36",2679,14,"6,08",201,3,12,"3,83",32,"18,3",0,
57,Stal,805,"7,95","-0,795",313,"12,1","84,2","1,01",5266,29,"8,94",131,17,1,"0,57",49,"0,07",0,
36,Beton,61,"7,32","-2,13",280,"11,2","75,1","0,83",4422,58,"8,94",172,19,2,"0,56",21,"28,97",0,
45,Beton,769,"6,54","0,43",663,"5,5","84,9","3,82",9630,3,"7,13",182,15,2,"3,75",34,"40,79",0,
20,PVC,604,"7,84","-0,37",418,"12,9","28,1","1,4",7463,46,"6,08",498,6,12,"1,25",16,"1,82",0,
65,Stal,422,"5,62","-0,585",537,"29,5","50,7","4,64",9613,24,"8,18",157,12,2,"1,04",21,"0,17",0,
8,PVC,533,"7,34","-0,7",845,"8,9","72,3","0,14",1126,1,"8,49",142,19,1,"0,24",4,"36,39",0,
16,PVC,1022,"9,42","-0,47",468,18,"67,4","0,23",1780,48,"6,38",464,6,8,"1,17",24,"34,19",0,
14,Beton,672,"4,38","-0,14",821,"23,3","74,5","1,73",9723,10,"6,41",387,11,5,"2,8",5,"20,29",0,
76,Żeliwo,487,"7,37","0,705",933,"22,5","30,2","1,06",9424,13,"8,47",105,10,1,"1,76",16,"86,9",0,
87,Stal,506,"5,28","-0,495",956,"9,9","18,9","4,09",6571,36,"8,77",52,16,2,"2,12",30,"47,67",0,
15,Beton,209,"7,07","-0,34",815,"18,3","92,5","4,5",8584,9,"8,37",71,18,9,"3,68",16,"12,39",0,
92,Stal,380,"7,87","-0,645",696,"26,1","60,4","0,62",825,14,"6,6",370,14,5,"0,55",32,"12,3",0,
98,Żeliwo,261,"1,41","-0,06",405,"0,5","23,8","1,75",7276,36,"7,23",67,4,3,"0,38",38,"72,03",0,
66,Żeliwo,257,"6,82","-0,96",384,"13,1","81,4","0,22",2395,10,"7,8",165,12,6,"3,42",47,83,0,
32,Beton,1032,"3,04","-0,03",513,"6,7","92,3","0,16",4145,40,"6,48",400,8,5,"3,12",36,"17,66",0,
87,Żeliwo,258,"7,03","0,615",420,"11,7","25,3","4,82",7059,23,"6,63",334,7,14,"1,13",47,"97,59",0,
63,Stal,1118,"5,21","-1,41",431,"12,5","83,6","1,99",5492,35,"6,85",471,9,5,"1,36",3,"35,73",0,
86,Stal,1132,"7,96","-1,47",496,"22,4",94,"3,93",7111,55,"7,53",115,17,11,"1,31",42,"18,37",0,
51,Stal,693,"2,11","-1,275",318,"2,8","94,5","2,76",9984,7,"7,53",59,10,2,"2,63",13,"7,46",0,
25,PVC,665,"6,64","0,07",941,"15,4","92,3","2,19",6792,42,"8,44",108,3,10,"0,34",12,"29,6",0,
58,Stal,244,"3,51","1,065",311,"16,9","59,2","2,82",9555,35,"8,26",100,8,7,"2,01",26,"14,75",0,
63,Stal,538,"8,68","-1,485",380,"14,8","42,1","0,73",3551,2,"8,74",172,14,8,"0,62",23,"45,28",0,
62,Stal,206,"9,36","1,305",629,22,"10,7","4,19",7711,15,"8,5",186,7,5,"3,3",26,"22,07",0,
22,PVC,659,"9,97","-0,79",691,"11,5","15,5","0,65",3628,9,"6,76",345,16,1,"1,58",7,"14,63",0,
58,Żeliwo,175,"8,16","3,315",141,"28,3","48,6","0,28",1565,47,"6,99",462,18,0,"2,16",46,"86,14",1,2021-02-06
58,Żeliwo,129,"7,78","3,645",237,"14,5","45,9","0,57",3667,17,"7,5",186,11,2,"0,21",49,"98,49",0,
86,Stal,1197,"2,94","0,48",566,"17,1","26,6","4,82",6459,39,"6,04",285,6,2,"0,33",38,"28,08",0,
49,PVC,520,"4,02","0,02",746,"24,8","45,6","0,93",4096,52,"8,71",150,14,7,"2,73",20,"2,81",0,
52,Stal,565,"5,19","-0,075",740,"8,3","25,7","0,26",1019,18,"6,13",415,13,4,"3,09",40,"30,34",0,
42,Beton,1177,"7,96","0,67",951,"2,3","86,4","4,24",7928,15,"6,97",315,4,0,"2,87",10,"26,51",0,
70,Żeliwo,118,"9,23","-3,765",172,"21,2","36,8","4,87",9476,18,"7,71",159,11,10,"2,97",30,"84,17",1,2024-01-29
15,PVC,680,"2,7","-0,03",819,"14,5","63,9","2,91",8254,24,"7,55",115,18,3,"0,51",26,"34,21",0,
54,Żeliwo,327,"9,3","-1,17",950,"26,9","55,3","3,91",5965,23,"7,96",59,1,6,"2,8",41,"63,62",0,
60,Żeliwo,449,"7,26","-1,155",935,"29,5","14,7","0,09",2269,12,"7,58",166,12,4,"0,81",45,"61,72",0,
97,Żeliwo,282,"6,5","0,9",608,12,"94,8","1,74",8835,23,"6,69",303,18,9,"0,48",47,"55,2",0,
8,PVC,589,"2,8","0,06",821,"12,5","57,5","0,5",4721,21,"6,6",340,7,14,"3,05",26,"22,99",0,
53,Stal,327,"1,5","-0,06",768,"12,2","39,3","1,66",8408,26,"8,72",183,12,12,"3,57",7,"48,99",0,
60,Żeliwo,245,"6,12","0,54",511,"9,7","24,2","0,35",195,8,"6,79",499,1,5,"2,9",32,"52,49",0,
5,PVC,1163,"6,86","0,72",411,"23,5","40,5","0,15",3273,30,"6,84",227,4,13,"3,24",11,"34,52",0,
68,Żeliwo,215,"2,9","0,39",307,"22,8","11,8","3,36",5110,34,"7,24",62,18,9,"3,97",34,"61,94",0,
6,PVC,75,"6,01","-2,1",217,"14,4","42,7","3,51",7401,2,"6,42",249,15,3,"0,63",33,"25,59",0,
96,Stal,1098,"8,71","0,795",759,"1,3","57,8",1,3212,5,"7,52",116,3,1,"3,86",15,"38,12",0,
94,Stal,556,"8,52","-0,435",552,"9,3","88,5","0,38",2755,31,8,90,7,8,"2,44",35,"7,87",0,
47,PVC,316,"9,35","-0,45",825,"8,8","71,9","0,6",1521,33,"8,36",84,6,14,"3,27",1,"38,18",0,
99,Żeliwo,412,"4,29","0,9",737,"24,3",20,"3,22",5674,54,"8,13",130,15,1,"2,64",11,"65,95",1,2021-12-19
55,Żeliwo,217,"3,86","-0,375",960,"2,6","23,3","0,12",1080,4,"6,44",248,15,1,"2,32",26,"66,67",0,
40,PVC,1141,"7,74","0,81",535,"24,2","48,5","4,76",5623,6,"7,37",125,6,12,"2,84",16,"37,1",0,
52,Żeliwo,260,"4,88","-1,29",605,"20,1","27,6","0,41",721,23,"6,12",261,8,11,"1,35",19,"62,58",0,
16,Beton,912,"1,79","-0,88",777,22,"12,5","0,21",1562,45,"6,05",353,8,1,"3,7",20,"38,55",0,
13,Beton,540,"3,55","0,85",978,13,"82,5","0,4",639,19,"7,32",161,1,0,"0,55",29,"8,34",0,
30,Beton,1122,"4,77","0,3",319,"20,4","11,8","0,08",4260,43,"6,76",272,13,12,"1,34",41,"39,96",0,
19,Beton,613,"3,63","-0,24",515,"18,3","84,8","1,78",5190,45,"8,05",97,13,11,"0,22",19,"23,45",0,
17,PVC,1175,"3,99","0,51",434,"23,1",23,"0,25",3736,8,"8,17",73,11,11,"1,16",7,"34,23",0,
63,Żeliwo,498,"3,64","0,51",428,"13,4","97,7","1,97",7746,39,"8,69",67,4,2,"0,95",17,"78,64",0,
19,PVC,608,"1,37","0,06",709,"14,2","64,3","0,12",89,13,"8,28",76,7,5,"0,29",17,"20,42",0,
92,Stal,208,"6,73","-1,2",721,"19,3","76,1","0,86",1251,1,"6,14",206,12,6,"2,02",17,"11,65",0,
58,Stal,538,"6,38","0,93",593,"3,2","19,9","3,04",9294,6,"7,11",104,13,0,"1,93",1,"43,36",0,
55,Stal,735,"6,88","1,095",545,"13,1","87,6","0,57",4703,7,"6,82",274,12,13,"0,4",11,"8,08",0,
90,Stal,843,"2,73","-0,99",1000,"29,2","85,5","0,57",348,48,"7,16",70,16,4,"1,12",31,"31,57",0,
90,Stal,54,"3,66","4,155",263,"1,1","68,8","0,41",4052,27,"6,48",386,6,4,"3,82",41,"46,16",1,2023-09-13
62,Żeliwo,236,"6,58","1,14",385,"9,5","55,2","0,19",2941,15,"6,29",202,14,0,"0,53",7,"75,31",1,2021-10-31
23,Beton,508,"6,4","0,1",855,"9,4","74,9","2,82",8437,52,"7,56",107,19,3,"1,29",9,"9,78",0,
9,Beton,297,"5,56","0,31",674,19,"10,5","0,13",271,34,"8,16",103,16,9,"0,24",10,"7,61",0,
12,PVC,995,"4,15","-0,24",745,"3,2","63,3","0,1",2030,58,"8,11",195,4,0,"0,68",13,"12,62",0,
1,Beton,471,"9,22","-0,44",677,"18,9","86,3","2,46",7836,57,"7,35",52,5,12,"2,83",25,"19,57",0,
58,Stal,64,"4,06","-0,78",282,"2,9","42,1","4,41",9657,23,"7,57",178,9,13,"1,53",46,"7,96",0,
1,Beton,785,"5,1","0,72",956,"2,8","19,7","4,03",9387,48,"7,55",55,3,14,"1,86",29,"39,89",0,
34,PVC,1195,"7,1","0,31",350,"21,8","47,9","3,44",7041,49,"8,07",68,10,0,"0,71",41,"17,85",0,
96,Żeliwo,206,"5,89","0,03",541,"9,7","75,4","2,46",5175,24,"6,14",215,17,11,"2,76",3,"78,47",0,
48,PVC,502,"4,12","-0,68",593,"29,3","19,7","1,84",9806,15,"8,13",164,19,14,"3,03",38,"42,12",0,
89,Stal,647,"4,92","-1,335",862,"1,1","28,5","0,62",1126,35,"7,75",172,10,6,"0,81",10,"45,44",0,
1,Beton,495,"8,15","-0,11",565,"13,4","23,3","0,64",4379,4,"6,59",450,12,6,"0,28",23,"14,72",0,
16,PVC,259,"3,5","-0,9",419,"3,4","81,7","1,9",8708,44,"6,15",247,7,2,"0,42",21,"28,69",0,
61,Stal,763,"2,28","0,21",547,"10,5","15,7","1,78",9493,37,"6,33",434,18,6,"2,66",2,"16,07",0,
64,Żeliwo,436,"3,82","-0,345",369,"29,9","71,8","1,66",8052,17,"7,57",134,19,2,"0,63",36,"70,95",0,
63,Żeliwo,464,"8,65","0,765",356,"26,7",43,"0,44",611,31,"8,28",77,15,1,"2,03",1,"61,16",0,
69,Żeliwo,150,"1,8","-4,125",207,"1,4",78,"0,31",749,38,7,95,7,9,"0,7",11,"58,16",1,2023-12-21
22,Beton,1166,"9,93","0,19",338,"16,9","96,8","0,98",1856,10,"7,14",181,12,14,"0,76",20,"4,68",0,
93,Żeliwo,134,"5,87","3,825",284,"19,4","20,3","2,81",8591,54,"8,8",169,7,3,"0,12",4,"90,03",1,2022-01-25
67,Stal,542,"9,86","-1,485",317,"6,3","38,3","0,16",1526,50,"6,64",204,10,13,"1,35",6,"10,26",0,
76,Żeliwo,168,"9,45","-3,57",136,"4,4","82,9","4,51",6229,27,"6,31",344,10,9,"0,45",3,"75,63",1,2022-01-17
26,PVC,380,"5,08","-0,42",597,"27,1",34,"4,47",8511,42,"7,03",110,5,2,"1,64",42,"46,67",0,
16,PVC,382,"2,79","0,76",582,"29,1","29,4","2,8",8527,6,"8,24",66,18,11,"2,43",40,4,0,
51,Żeliwo,148,"2,48","-2,085",198,"29,8","84,3","0,11",2098,56,"7,88",83,9,6,"1,53",35,"59,58",1,2023-12-06
86,Stal,912,"3,16","0,63",409,"23,7","98,8","2,71",7865,6,"7,25",69,16,11,"2,85",21,"45,73",0,
57,Stal,321,"7,39","1,425",479,"19,9","60,1","0,86",173,52,"8,89",92,7,11,"2,99",28,"17,23",0,
29,PVC,629,"3,46","0,58",843,"10,4",35,"3,23",9833,15,"8,2",59,10,0,"2,82",8,"35,63",0,
78,Żeliwo,455,"4,07","-0,765",324,"5,1","45,9","0,22",500,4,"6,19",477,5,5,"3,75",25,"81,8",0,
92,Żeliwo,169,"5,04","1,35",94,"2,4","25,3","0,4",3646,57,"8,23",164,7,14,"1,03",11,"99,9",0,
69,Żeliwo,189,"9,22","2,175",221,"20,8","78,6","3,59",6219,48,"6,07",375,5,13,"0,84",47,"72,82",0,
47,Beton,495,"2,7","-0,06",531,"23,5","79,6","0,81",2363,54,"7,95",159,15,1,"2,48",0,"37,88",0,
94,Żeliwo,225,"1,05","1,17",642,"24,8","88,8",4,7540,56,"6,63",209,19,7,"2,42",7,"68,01",0,
62,Stal,406,"1,54","0,42",776,"27,4","12,4","0,91",1896,40,"8,09",154,10,13,"2,09",32,"13,21",0,
69,Żeliwo,394,"9,14","-0,255",875,"26,4","60,6","3,84",5759,7,"6,93",426,8,4,"0,12",3,"63,79",1,2022-04-14
76,Stal,1092,"6,83","-0,615",754,30,"29,3","1,19",9910,51,"8,62",133,9,2,"2,27",13,"27,78",0,
16,Beton,360,"3,46","-0,25",531,"7,3","40,7","0,11",1778,58,"7,01",52,11,9,"3,74",28,"43,8",0,
90,Żeliwo,412,"2,59","0,03",588,"22,9","80,6","0,57",3057,49,"7,86",95,2,6,"1,4",13,"65,83",0,
90,Żeliwo,199,"3,65","3,105",184,"17,6","27,3","1,91",5190,53,"6,86",357,3,13,"3,87",8,"65,26",1,2020-10-02
48,PVC,203,"2,03","0,94",557,"7,8","67,5","4,18",6997,45,"8,75",187,13,10,"1,49",8,"43,95",0,
85,Stal,669,"9,47","1,305",829,"29,5","68,9","0,63",4747,47,"8,34",57,11,14,"0,65",25,"4,76",0,
39,Beton,932,"8,06","0,74",986,"26,9","95,9","3,35",9286,26,"6,73",414,10,14,"1,65",48,"20,77",0,
100,Żeliwo,273,"5,16","-0,24",528,"3,9","79,8","0,05",45,58,"8,85",140,15,1,"2,03",46,"78,63",0,
33,Beton,174,"8,78","1,03",183,"0,8","82,3","2,93",7758,31,"7,07",187,6,4,"2,55",41,"4,08",0,
94,Stal,668,"3,25","1,215",895,"20,6","57,8","3,39",9637,2,"7,96",163,1,10,"2,07",16,"2,02",0,
23,PVC,294,"7,45","0,7",734,"18,1","26,8","2,89",7053,28,"8,23",128,14,7,"2,19",40,"16,5",0,
10,PVC,897,"8,71","-0,17",701,"28,1","48,3","0,11",3201,42,"6,07",227,18,12,"0,19",3,"36,5",0,
69,Stal,499,"4,21","-1,17",921,7,"59,5","0,24",455,13,"8,88",135,11,10,"1,09",45,"26,09",0,
100,Żeliwo,183,"7,82","-2,55",106,"2,5","71,1","1,81",9854,18,"7,03",94,8,0,"1,31",2,"71,56",0,
34,PVC,569,"3,66","0,15",883,"7,8","64,7","0,99",2924,30,"6,57",484,3,14,"3,95",28,"40,65",0,
52,Żeliwo,135,"3,69","4,215",70,"0,6","45,5","1,02",7798,55,"8,55",113,14,0,"1,25",24,"99,54",1,2020-12-08
95,Stal,57,"1,96","-3,165",139,"1,1","33,9","0,13",965,11,"8,11",144,2,2,"3,6",20,"39,3",0,
10,PVC,527,"4,96","-0,41",608,"27,4","25,1","0,55",4964,13,"6,26",319,16,2,"1,29",11,"22,99",0,
19,Beton,544,"7,57","-0,67",642,"10,6","72,4","0,86",1528,51,"6,35",296,6,12,"0,47",0,"0,97",0,
58,Stal,882,"9,46","-0,36",735,"12,3","68,1","0,68",2976,24,"8,15",111,1,6,"1,07",0,"8,61",0,
96,Stal,1112,"6,43","-0,435",476,"0,6","71,9","0,3",3071,57,"6,22",224,14,5,"1,16",44,"37,07",0,
1,PVC,642,"8,77","-0,74",438,"8,1","43,5","0,56",4869,29,"8,75",123,10,6,"3,92",45,"37,66",0,
69,Stal,236,"8,4","0,51",493,"24,1","33,6","4,67",6387,56,"8,22",149,6,3,"2,73",47,"48,61",0,
4,PVC,803,"2,56","0,02",485,"18,5","78,4","0,73",2521,54,"7,01",160,9,10,"3,73",6,"9,51",0,
16,PVC,142,"5,37","2,9",150,"22,6","79,6","3,89",6525,5,"7,09",153,7,1,"3,36",9,"6,15",0,
24,PVC,135,"2,05","0,22",295,"13,4",51,"0,87",1126,35,"7,52",64,2,1,"2,36",14,"6,94",0,
80,Stal,1117,"7,14","-0,525",460,"9,3","65,1","1,88",6632,19,"7,08",63,11,9,"2,73",39,"9,24",0,
2,Beton,186,"9,55","-1,45",141,"14,5","43,6","1,04",5773,55,"8,35",76,14,0,"2,54",10,"26,42",0,
92,Stal,470,"2,23","1,125",900,"9,7","73,2","3,86",7716,13,"8,92",134,5,13,"2,7",45,"48,76",0,
32,Beton,123,"7,6","-2,91",77,"25,2","85,2","0,64",3404,5,"7,75",58,9,12,"1,13",44,"29,47",0,
91,Żeliwo,205,"6,69","0,915",509,"8,9","71,9","0,82",4492,44,"7,34",69,7,13,"1,69",22,"78,41",0,
84,Stal,219,"6,25","-0,39",574,"19,8","56,1","0,01",2343,14,"6,67",379,14,8,"2,41",12,"33,67",0,
24,Beton,921,"4,51","0,71",578,"4,1","51,3","0,99",106,38,"7,96",106,16,13,"0,24",26,"3,7",0,
12,PVC,371,"4,2","0,6",550,"20,6","67,8","0,18",3154,22,"8,06",193,16,13,"1,98",40,"40,77",0,
50,PVC,505,"1,41","-0,3",609,"27,4","71,2","0,47",4053,9,"8,06",149,7,6,"3,45",16,"32,34",0,
35,Beton,993,"2,96","0,39",439,"18,3","60,3","0,87",4801,49,"6,08",212,10,9,"2,02",49,"8,56",0,
33,Beton,839,"1,14","-0,68",845,"16,8","66,2","2,63",6139,40,"8,7",185,6,2,"2,25",12,"31,54",0,
33,PVC,662,"6,23","0,79",829,"28,8","18,7","2,39",5580,26,"7,01",116,17,1,"0,89",11,"29,81",0,
61,Żeliwo,283,"1,95","-0,285",356,"18,8","95,7","0,13",214,45,"8,23",68,1,13,"3,2",28,"50,16",1,2022-05-11
51,Żeliwo,206,"8,86","-0,135",411,"7,8","81,2","1,39",5400,5,"8,28",154,2,2,"1,5",20,"52,34",0,
43,PVC,59,"5,71","-1,74",183,"8,8","43,7","2,4",6875,29,"7,95",60,14,6,"3,83",19,"19,55",0,
12,PVC,789,"7,3","0,64",709,"21,2","60,7","0,36",4289,54,"7,18",100,4,4,"3,98",19,"12,24",0,
67,Stal,716,"4,7","-0,795",713,"22,1","14,3","0,37",4253,22,"7,83",175,9,11,"3,67",30,"12,16",0,
65,Stal,595,"6,05","0,48",481,"9,1","13,7","4,77",8656,49,"6,12",200,6,2,"0,43",7,"28,65",0,
33,PVC,178,"9,48","2,16",115,"10,4","32,6","4,95",6247,3,"8,29",103,17,8,"1,4",23,"23,54",0,
40,PVC,650,"1,74","-0,26",638,"29,7","72,1","1,35",6177,28,"6,3",367,11,1,"3,79",10,"33,36",0,
74,Stal,654,"3,29","0,57",558,"3,1","86,7","2,17",7269,38,"7,19",73,4,6,"3,24",38,"47,82",0,
43,PVC,376,"8,02","-0,23",389,"12,1","60,3","0,05",2372,14,"6,31",233,9,14,"3,65",32,"33,03",0,
44,Beton,1029,"1,89","-0,31",915,"1,9","57,9","4,11",6834,47,"8,51",97,16,9,"2,33",41,"29,1",0,
29,Beton,453,"1,68","0,67",997,"24,6","46,2","3,38",8783,14,"7,65",133,3,5,"1,97",14,"42,38",0,
13,Beton,678,"4,25","-0,8",549,"2,8","24,5","3,58",6617,43,"8,07",56,4,5,"0,52",3,"31,6",0,
12,PVC,767,"1,83","0,35",554,"20,2","20,7","4,03",5150,11,"8,05",191,3,13,"3,37",0,"8,28",0,
95,Żeliwo,347,"6,27","-0,75",887,"1,7","78,5","1,47",9075,9,"8,52",60,13,6,"3,01",31,"99,08",0,
46,Beton,323,"3,04","-0,97",407,"20,2","93,5","4,33",8102,38,"6,4",270,19,5,"0,33",10,"36,67",0,
2,PVC,734,"9,06","-0,67",967,"25,3","51,2","0,24",4158,47,"7,98",159,1,1,"0,92",29,"36,92",0,
35,Beton,165,"8,05","2,61",290,12,"69,4","3,31",7727,44,"7,73",182,6,10,"2,27",36,"49,35",1,2023-06-03
87,Stal,910,"7,3","0,63",888,"15,7","92,3","4,56",5206,6,"6,09",342,3,4,"2,77",18,"31,35",0,
81,Stal,742,"6,55","-1,44",784,12,"18,1","0,22",303,1,"6,6",296,3,2,"0,64",35,"44,98",0,
90,Żeliwo,475,"8,77","-1,395",557,9,"79,3","0,76",333,25,"6,8",411,16,8,"1,05",33,"99,14",1,2023-07-23
8,Beton,1155,"3,01","0,81",938,"24,1","65,5","0,31",4506,16,"6,22",384,10,7,"0,85",6,"28,31",0,
93,Stal,373,"8,86","-1,275",581,"8,2","63,9","0,92",2331,52,"7,06",104,17,9,"0,96",44,"45,99",0,
26,Beton,1010,"8,11","0,79",387,"21,7","36,3","0,66",4561,15,"6,08",415,7,10,"3,69",19,"14,36",0,
74,Stal,163,"7,73","-2,16",50,"6,2","71,6","0,44",79,34,"7,66",139,13,1,"2,89",11,"7,74",0,
90,Stal,1131,"6,05","0,72",315,"7,5","81,5","0,79",3763,17,"6,63",438,11,14,"2,97",31,"17,53",0,
34,PVC,203,"3,22","-0,38",450,"10,1","20,2","3,79",5196,3,"6,86",492,10,0,"3,2",1,"39,61",0,
7,PVC,364,"4,81","0,72",553,"17,7",58,"0,29",732,3,"8,73",79,7,14,"1,49",21,"4,24",0,
68,Żeliwo,168,"8,14","3,765",226,"13,6","19,1","0,34",3976,37,"7,51",73,6,3,"3,09",40,77,0,
58,Stal,154,"1,29","2,385",175,"22,4","88,5","4,7",5659,17,"6,81",476,1,3,"3,92",47,"6,78",0,
75,Stal,403,"8,04","-1,275",843,"6,4","55,7","0,16",1384,55,"7,8",171,17,11,"2,82",39,"21,78",0,
29,Beton,1065,"3,16","0,47",696,"0,3","82,7","0,04",2124,49,"6,61",413,12,9,"1,73",23,"48,3",0,
36,PVC,782,"2,3","0,23",816,"23,3","43,1","1,92",6652,52,"6,22",293,4,10,"2,89",49,"9,76",0,
89,Żeliwo,470,"2,04","-1,485",758,"24,6","21,3","1,49",5283,38,"6,06",274,3,1,"3,61",30,80,0,
21,Beton,700,"1,25","-0,98",629,"1,8","13,7","2,45",7176,1,"8,85",63,6,6,"0,6",3,"21,36",0,
36,PVC,873,"5,71","0,62",468,"18,3","35,3","2,02",9390,7,"8,17",97,16,12,"1,13",23,"28,88",0,
10,Beton,996,"2,96","-0,48",992,"11,3",32,"3,03",6605,26,"8,4",78,13,14,"3,69",42,"14,88",0,
73,Żeliwo,495,"9,9","0,405",665,"23,8","60,4","4,87",5707,47,"8,94",99,9,2,"3,79",16,"72,87",1,2022-07-18
24,PVC,148,"6,17","-2,42",260,"26,2",12,"0,59",2292,39,"8,79",187,11,6,"1,99",39,"47,67",0,
64,Żeliwo,277,"2,24","1,095",954,"25,5","56,9","4,56",8376,19,"8,21",76,13,6,"1,56",18,"87,48",1,2020-10-10
99,Stal,331,"7,2","1,245",661,"23,3","45,3","0,09",997,52,"8,08",128,19,0,"1,2",39,"15,47",0,
49,PVC,452,"9,08","0,99",938,"8,1","61,9","0,17",4664,54,"7,01",145,3,5,"2,05",37,"24,14",0,
99,Stal,1182,"7,71","-1,035",339,"24,4","73,2","0,01",2357,30,"6,31",253,12,3,"3,74",33,"25,77",0,
36,Beton,749,"1,69","0,73",715,16,"67,1","2,89",5491,43,"7,72",120,19,10,"0,68",46,"0,07",0,
82,Stal,248,"9,06","-0,705",654,"1,6","98,6","0,89",1679,55,"7,73",129,8,7,"1,74",32,"30,79",0,
96,Żeliwo,388,"8,15","0,27",554,"13,7","22,4","2,17",5715,14,"8,86",130,14,7,"3,66",5,"84,31",0,
24,PVC,203,"2,42","0,01",442,"28,3","48,7","0,98",4886,13,"7,33",136,9,2,"1,46",35,"14,6",0,
23,Beton,601,"1,47","-0,96",876,"26,6","48,2","4,42",7440,20,"8,07",57,17,3,"3,1",12,"31,54",0,
62,Żeliwo,160,"6,02","-3,45",211,"3,1","47,5","3,35",6821,26,"7,72",51,6,14,"1,62",46,"93,2",1,2024-04-03
96,Stal,511,"2,4","-1,26",919,"22,3","69,7","0,81",3527,27,"6,53",311,4,0,"3,24",8,"30,22",0,
37,Beton,181,"8,51","2,12",285,"24,2","54,1","4,75",6813,25,"7,78",170,4,9,"3,93",34,"22,35",0,
12,PVC,840,"4,23","0,57",720,"8,1","56,6","0,97",2745,9,"7,62",145,19,1,"1,61",33,"26,51",0,
55,Stal,923,"9,22","0,885",962,"14,1","48,9","0,29",4090,41,"7,48",142,12,6,"3,4",15,"27,2",0,
13,PVC,133,"6,09","-1,85",195,"21,3","99,3","2,5",6158,48,"7,54",52,2,14,"3,95",17,"8,85",0,
23,Beton,803,"2,64","-0,1",795,"13,2","93,5","3,5",8561,12,"6,49",488,17,13,"3,94",17,"38,5",0,
89,Stal,677,"2,26","0,99",536,"3,4","37,7","4,17",7471,10,"7,39",51,15,10,"1,79",37,"27,77",0,
99,Stal,1182,"6,19","-0,585",536,"21,2",20,"0,56",3743,6,"7,82",164,10,11,"1,99",49,"13,51",0,
30,Beton,270,"7,86","-0,06",518,"27,3","85,6","3,23",9895,50,"7,47",98,3,14,"1,28",42,"46,87",0,
17,PVC,602,"8,03","-0,45",786,"19,6","99,7","3,83",7008,34,"7,47",150,4,6,"1,32",31,"0,64",0,
62,Stal,161,"3,48","2,67",70,"23,2","36,3","0,36",3324,59,"6,23",366,1,12,"2,02",6,"36,3",0,
84,Stal,664,"2,84","1,17",962,"10,8","42,2","4,26",8632,52,"6,57",404,1,8,"0,88",22,"19,06",0,
89,Stal,973,"1,15","-0,135",934,"5,5","94,7","0,76",3257,41,"6,96",363,18,9,"2,87",22,"26,13",0,
86,Żeliwo,440,"7,11","0,165",443,"19,3",74,"0,91",226,19,"7,26",123,4,8,"2,19",45,"79,71",0,
13,Beton,885,"1,69","-0,19",488,"9,8","36,6","0,01",2401,6,"7,78",154,15,8,"3,6",17,"16,06",0,
59,Żeliwo,101,"4,79","0,495",97,"25,8","62,3","0,81",4718,2,"8,59",199,10,5,"3,26",6,"58,16",0,
19,Beton,470,"6,42","-0,97",367,"3,7",95,"0,94",1024,15,"6,48",220,17,7,"1,36",41,"36,49",0,
49,PVC,756,"9,43","-0,43",915,13,"83,1","1,34",5672,17,"6,05",284,12,8,"2,07",39,"35,54",0,
100,Żeliwo,156,"3,81","2,04",80,"11,9","76,8","4,88",7727,16,"7,35",80,12,11,"3,03",23,"76,34",1,2022-05-02
12,Beton,238,"3,25","0,27",970,"28,1","76,3","1,15",5280,28,"7,3",168,16,13,"0,85",13,"43,9",0,
61,Żeliwo,429,"6,89","-0,15",708,"4,6",26,"0,02",870,21,"7,66",61,5,6,"0,22",49,"55,95",0,
19,Beton,585,"6,57","-0,32",599,"0,3","84,2","0,63",3199,8,"8,5",61,16,3,"3,42",4,"27,82",0,
76,Żeliwo,243,"3,99","-0,33",901,"7,1","34,9","0,63",1745,10,"8,41",193,17,13,"0,64",45,"54,01",1,2022-05-08
9,Beton,339,"9,35","-0,52",656,"24,6","93,7","1,26",5270,10,"6,3",470,15,3,"3,57",21,"0,55",0,
71,Żeliwo,224,"8,6","1,275",555,"6,3","42,8","3,49",8635,50,"8,8",199,13,5,"3,66",21,"54,04",0,
28,Beton,520,"3,02","0,04",652,"7,2","87,2","3,34",5886,10,"6,33",396,8,13,"1,9",9,"40,82",0,
78,Stal,677,"3,15","-1,455",820,"3,9",34,"2,12",5590,9,"7,9",137,2,10,"3,25",25,"1,01",0,
95,Żeliwo,175,"5,61","2,505",293,"21,5","56,3","4,64",7897,28,"8,02",125,8,3,"1,52",14,"66,44",0,
52,Żeliwo,443,"7,96","1,425",993,"2,1","19,6","2,22",8664,24,"8,04",67,10,10,"3,45",37,"54,58",1,2022-11-07
83,Żeliwo,393,"1,4","-0,84",583,"9,9","69,4","2,8",8271,19,"6,8",428,7,6,"3,32",40,"79,28",0,
16,PVC,912,"7,24","0,61",611,"8,5","85,2","3,18",5158,33,"6,99",360,10,7,"0,41",41,"17,63",0,
69,Żeliwo,237,"6,83","-1,32",398,"16,7","74,7","1,4",8431,4,"7,65",129,4,7,"2,37",48,"74,69",0,
99,Stal,230,"3,08","1,26",496,"21,9","57,1","0,86",589,56,"6,6",348,11,13,"2,6",0,"17,8",0,
12,PVC,730,"7,13","0,75",781,16,"14,1","2,5",9552,3,"6,06",392,9,7,"0,1",13,"2,09",0,
25,PVC,874,"9,46","0,14",525,"27,9",94,"0,22",1884,42,"7,69",67,4,1,"3,92",35,"13,95",0,
52,Żeliwo,418,"1,42","-1,47",914,"28,5","73,5","2,55",5399,12,"7,4",103,3,13,"1,69",30,"71,31",1,2023-10-27
85,Stal,615,"3,88","-0,72",917,"10,8","77,1","3,4",8503,18,"7,97",161,11,9,"2,12",27,"43,29",0,
100,Stal,729,"4,94","-0,285",664,"23,3","81,5","0,72",1076,23,"6,44",420,3,1,"0,86",33,"17,61",0,
53,Stal,440,"9,09","-0,12",667,"22,2","77,3","3,78",7235,20,"8,52",76,18,1,"2,48",34,"22,36",0,
23,Beton,1158,"9,66","-0,4",869,"26,8","49,7","1,22",6837,6,"6,44",325,19,1,"3,26",38,"19,04",0,
16,Beton,261,5,"-0,93",889,"13,4",76,"0,3",33,53,"8,67",137,14,3,"2,38",22,"6,03",0,
57,Żeliwo,253,"7,75","0,27",374,"15,9","66,3","0,56",1841,34,"7,35",103,11,4,"3,17",45,"50,2",0,
39,Beton,391,"5,78","0,05",341,"12,5","86,9","0,4",4481,42,"7,65",136,2,3,"2,95",43,"41,29",0,
53,Stal,893,"5,84","-0,645",721,"25,5","82,2","4,42",8440,2,"8,69",54,2,14,"1,03",18,"27,05",0,
42,Beton,1111,"3,5","-0,92",480,"6,9","13,7","0,06",1134,30,"6,9",352,2,4,"1,8",17,"23,82",0,
58,Stal,469,"2,95","1,485",844,"7,2","44,1","4,34",7261,9,"6,55",438,10,3,"0,68",14,"32,46",0,
39,PVC,800,"3,59","-0,04",370,"11,2","13,1","2,44",5298,27,"7,34",88,15,6,"0,26",0,"16,32",0,
14,Beton,355,"6,01","0,51",867,"6,9","19,2","3,45",7017,42,"6,73",350,12,9,"0,35",24,"2,51",0,
95,Stal,751,"1,26","-0,15",404,"16,8","64,1","1,61",7771,34,"7,58",181,11,0,"3,78",25,"20,22",0,
5,Beton,918,"9,17","-0,91",499,4,"88,6","1,26",8567,40,"6,83",220,17,13,"3,94",34,"49,2",0,
35,PVC,586,"2,41","-0,38",400,"9,6","20,8","1,86",8915,24,"8,59",114,18,12,"0,47",14,"9,12",0,
87,Stal,1185,"2,98","-0,54",606,"27,4","50,6","0,69",1913,49,"7,82",86,14,0,"1,41",3,"26,39",0,
93,Żeliwo,313,"5,66","1,02",885,"12,3",92,"0,12",4297,17,6,275,17,1,"0,55",14,"79,45",0,
75,Żeliwo,215,"7,39","0,465",982,"22,4","83,3","0,07",1942,29,"8,42",160,15,12,"3,35",41,"84,28",0,
18,PVC,1120,"1,86","-0,45",676,"3,4","56,8","0,97",4004,36,"6,99",428,12,0,"2,04",37,"29,36",0,
76,Stal,553,"3,86","1,41",954,"7,4","79,4","0,68",1331,50,"6,96",351,16,11,"2,52",44,"14,87",0,
9,PVC,1095,"9,72","-0,36",977,"24,2",57,"3,62",7890,12,"7,15",96,6,14,"2,21",38,"45,28",0,
74,Stal,262,"3,36","1,5",698,"22,9","24,2","0,7",4588,31,"7,89",197,2,9,"2,87",0,"20,31",0,
58,Stal,359,"3,82","1,485",520,"11,6","21,2","0,76",337,49,"7,33",62,2,11,"1,34",21,"10,4",0,
17,Beton,710,"8,53","-0,62",894,"28,6",27,"2,9",7066,9,"7,89",93,16,11,"0,64",10,"27,28",0,
7,PVC,802,"1,45","-0,37",481,"27,3","41,6","2,66",7813,19,"6,44",227,2,9,"0,17",45,"39,75",0,
46,PVC,321,"5,18","-0,03",606,"28,9","93,7","4,37",8983,46,"8,91",168,8,12,"1,84",37,"0,97",0,
13,PVC,987,"4,42","0,33",821,"12,8",82,"0,01",3611,46,"8,19",180,7,13,"3,64",36,"25,28",0,
40,PVC,81,"3,85","-2,26",57,"5,9",49,"0,93",3700,17,"6,75",245,1,10,"1,29",25,"38,67",0,
42,PVC,492,"3,57","0,94",303,"18,8","54,4","3,61",9708,2,"8,17",187,4,2,"0,86",26,"5,18",0,
9,Beton,211,"1,82","0,45",580,"20,5","33,9","1,81",6118,40,"7,73",98,11,5,"3,71",12,"45,14",0,
50,Beton,816,"3,83","-0,58",514,"3,8","73,4","4,56",7105,5,"6,33",444,7,9,"0,51",6,"13,23",0,
27,PVC,303,"1,39","-0,79",909,"23,6","82,2","0,91",2673,59,"6,53",418,18,10,"0,3",7,"8,53",0,
66,Stal,570,"8,03","0,57",719,"0,5","31,5","0,99",2122,39,"6,12",301,4,5,"3,53",45,"29,46",0,
5,PVC,1026,"4,58","-0,68",400,"14,5","13,8","1,43",7082,54,"8,43",152,17,0,"2,83",22,"8,75",0,
29,PVC,59,5,"2,49",166,"9,9","66,2","2,98",8250,48,"7,66",154,11,5,"1,75",25,"33,99",0,
37,Beton,775,"9,04","-0,38",872,"22,2","60,6","0,24",2062,16,"6,95",401,11,4,"3,03",43,"24,51",0,
38,PVC,554,"6,92","-0,35",608,"9,4","46,2","0,84",1254,17,"6,38",253,11,6,"2,99",26,"5,5",0,
83,Żeliwo,188,"1,07","-4,155",278,"24,8",68,"0,82",3688,54,"7,45",117,15,5,"0,26",8,"81,13",1,2023-05-29
8,PVC,485,"9,49","0,4",809,"17,8","59,6","0,23",3748,27,"7,58",86,14,11,"2,74",45,"33,66",0,
65,Żeliwo,277,"3,13","-1,155",362,"23,8","32,6","2,3",6342,7,"8,11",73,17,11,"2,6",37,"60,95",0,
86,Stal,202,"1,97","0,825",932,"29,7","45,8","0,98",4130,52,"8,91",93,2,6,"3,86",46,"18,72",0,
17,PVC,966,"7,91","-0,02",525,"20,4","48,5","0,3",4257,8,"7,3",132,18,1,"3,87",12,"6,74",0,
71,Żeliwo,366,"5,5","0,855",404,"29,5","89,2","0,87",3029,8,"7,22",90,16,11,"1,57",6,"75,35",0,
89,Stal,1175,"4,9","0,255",724,"0,9","96,5",0,2846,23,"7,11",91,12,0,"2,4",10,"40,68",0,
45,Beton,802,"3,25","-0,84",554,"10,1","90,4","2,68",8662,32,"8,48",157,10,13,"0,65",9,"6,29",0,
4,Beton,612,"5,93","0,53",728,"3,2","74,7","0,47",4035,43,"6,47",413,16,6,"0,36",32,"24,73",0,
36,PVC,1154,"3,47","-0,86",733,"7,9","62,6","0,24",2899,47,"7,03",97,3,8,"1,79",38,"24,24",0,
70,Żeliwo,263,"9,11","-0,06",506,"25,2",72,"4,45",9638,18,"8,17",162,8,1,"2,79",49,"76,41",1,2023-05-25
31,Beton,944,"2,94","-0,66",327,1,"94,5","0,57",4443,38,"6,05",314,2,11,"2,31",2,"39,47",0,
19,Beton,1161,"8,96","0,5",981,"15,6","32,5","0,08",4789,54,"6,87",474,1,6,"1,78",40,"4,98",0,
61,Żeliwo,154,"6,03","-2,7",179,17,"58,2","0,16",912,12,"7,92",157,14,2,"3,29",28,"53,71",1,2022-10-02
54,Żeliwo,492,"8,46","0,165",887,"16,8","72,1","0,39",4242,15,"6,56",342,4,5,"3,2",36,"84,8",0,
39,Beton,1074,"7,42","0,05",927,"14,3","71,1","1,77",7541,28,"6,91",427,4,2,"2,95",44,"18,65",0,
91,Żeliwo,498,"7,27","0,795",368,"23,7","32,7","0,79",1711,55,"7,46",54,9,12,"0,4",15,"62,47",0,
74,Żeliwo,337,"3,92","-1,485",812,4,"62,8","1,79",8866,38,"7,27",155,3,9,"3,21",15,"83,82",0,
90,Stal,216,"3,11","1,26",466,"9,3","81,6","0,09",1439,50,"6,32",226,5,12,"3,69",43,"37,29",0,
19,PVC,558,"2,9","-0,61",667,"18,5","52,8","1,08",5613,56,"8,81",63,1,10,"0,33",49,"4,22",0,
39,Beton,362,"8,71","0,97",550,"20,7","81,4","0,09",3630,31,"6,13",440,19,10,"1,67",42,"37,05",0,
67,Żeliwo,415,"8,38","0,705",985,"12,1","42,4","3,65",5375,52,"8,25",189,1,10,"3,95",48,"68,07",0,
45,Beton,730,"4,97","0,55",469,"26,3","94,5","2,24",7103,9,"6,21",360,10,4,"2,44",6,"14,09",0,
13,Beton,526,"2,19","0,31",389,"12,5","58,1","2,28",8877,8,"7,4",76,12,14,"2,1",14,"0,77",0,
92,Stal,122,"4,44","4,335",206,"12,1","63,6","2,36",9318,46,"6,53",437,10,1,"0,79",37,"5,76",0,
58,Stal,631,"6,57","0,21",745,"1,1","12,8","0,83",4216,19,"6,42",438,2,7,"2,31",5,"12,5",0,
20,PVC,311,"5,09","-0,91",593,"16,5","25,3","0,33",2466,51,"6,38",255,16,13,"1,81",17,"40,83",0,
92,Żeliwo,464,"8,02","0,375",449,"21,3",67,"4,72",7824,8,"7,36",185,8,7,"0,6",18,"69,4",0,
72,Stal,610,"9,98","0,375",431,"3,4","47,8","0,55",4124,34,"7,55",123,14,6,"1,91",1,"45,92",0,
61,Żeliwo,382,"2,72","1,17",732,"9,2","55,7","0,72",965,57,"6,4",461,15,5,"0,74",2,"96,83",0,
39,Beton,224,"5,14","0,01",358,"23,4","15,7","1,69",6928,4,"8,94",75,16,0,"2,95",45,"14,36",0,
1,PVC,158,"4,88","2,96",138,11,"85,1","4,09",6096,31,"6,77",392,11,7,"3,9",24,"42,27",0,
3,Beton,232,"3,74","-0,39",514,"7,2","80,6","1,89",6157,38,"7,38",94,12,0,"1,93",35,"5,84",0,
77,Żeliwo,319,"2,78","0,465",860,"20,2","26,7","1,32",9111,3,"6,65",241,2,7,"2,57",48,"92,71",1,2021-07-02
92,Stal,114,"1,59","-2,94",69,"5,9","67,1","4,5",8120,35,"7,48",196,4,10,"1,78",27,"30,43",0,
62,Stal,1012,"8,98","-0,66",546,"26,9","83,6","0,85",1508,19,"8,27",194,3,1,"0,64",37,"17,09",0,
63,Stal,1173,"4,78","0,96",681,"3,2","67,7","2,61",9404,43,"7,56",152,9,7,"3,89",27,"16,47",0,
25,Beton,913,"5,47","0,17",538,"21,2","37,9","0,95",871,29,"6,86",209,18,9,"0,61",31,"34,36",0,
56,Żeliwo,275,"9,25","0,03",666,15,"69,1","0,51",863,10,"6,75",434,19,11,"0,54",40,"52,44",0,
33,PVC,900,"7,99","-0,36",467,"26,1","28,9","0,91",3055,12,"8,28",165,7,3,"1,89",35,"16,11",0,
38,Beton,92,"2,17","2,97",202,"3,8","38,6","2,26",5133,46,"6,35",268,4,6,"2,67",38,"16,25",0,
6,PVC,537,"6,09","-0,42",350,"20,3","31,6","0,85",2682,30,"7,11",66,6,4,"1,48",35,"26,69",0,
58,Żeliwo,465,"4,98","0,705",909,"17,2","60,1","2,94",5278,30,"6,45",418,19,7,"0,85",42,"89,89",0,
44,Beton,875,"8,17","-0,86",988,"14,4","19,7","2,42",5448,60,"6,77",395,1,11,"3,29",22,"10,15",0,
45,Beton,723,"7,52","0,73",679,"14,7",94,"0,55",613,18,"6,46",273,16,14,"1,52",1,"45,63",0,
32,Beton,750,"7,21",0,773,"21,7",40,"0,45",1872,24,"8,66",82,11,5,"0,86",9,"32,72",0,
45,PVC,808,"4,06","-0,12",379,"28,1","29,7","1,6",7723,32,"8,2",78,4,13,"1,52",5,"31,26",0,
61,Stal,777,"8,24","0,33",996,"2,7","54,7","3,31",7189,9,"7,68",86,18,14,"0,94",7,"45,21",0,
47,PVC,974,"1,47","0,25",666,"0,6","34,9","3,63",5386,47,"6,67",301,5,4,"2,13",14,"45,36",0,
21,PVC,951,"2,44","-0,74",760,"24,2","58,1","1,78",6942,24,"7,53",73,6,0,"2,71",44,"6,78",0,
80,Stal,938,"4,02","0,765",838,"3,2","41,4","2,56",8759,26,"7,56",191,2,2,"3,22",28,"7,25",0,
85,Stal,1042,"1,69","-0,675",751,"29,6","21,9","0,32",244,3,"7,77",182,12,9,"0,99",27,"38,1",0,
75,Żeliwo,228,"3,11","1,215",763,"18,6","33,9","0,39",20,23,"6,18",474,9,8,"0,75",21,"87,98",1,2020-06-02
36,Beton,242,"8,47","0,64",777,"19,5","49,5","3,67",8585,11,"8,92",102,12,14,"0,18",33,"33,33",0,
99,Żeliwo,208,"9,53","-0,465",719,6,"12,7","3,96",5767,10,"7,4",137,13,13,"0,99",19,"52,73",1,2023-07-03
19,PVC,439,"3,74","0,62",513,"7,2","79,4","0,86",3515,50,"8,78",147,17,8,"0,19",32,"34,17",0,
20,Beton,1049,"3,38","-0,29",668,"19,8",66,"0,45",1910,36,"6,03",472,5,4,"1,45",14,"11,44",0,
57,Stal,574,"3,52","-1,2",413,"27,3","64,1","3,95",8481,60,"6,74",285,13,2,"0,67",6,"49,9",0,
18,PVC,708,"3,5","0,92",802,"29,5","59,1","2,83",5882,13,"6,31",490,13,5,"2,36",23,"21,55",0,
47,Beton,765,"1,32","0,31",935,"5,9","63,1","3,28",8552,29,"8,31",122,10,4,"1,6",25,"46,58",0,
49,PVC,940,"9,34","-0,09",887,4,"94,1","3,77",8076,38,"6,96",265,15,14,"0,46",49,"21,54",0,
14,PVC,1162,"2,92","-0,2",610,"1,7","10,8",0,1622,59,"8,52",75,15,0,"1,66",9,"46,41",0,
15,PVC,1168,"4,78","-0,35",768,26,"14,3","0,53",4314,53,"8,5",67,18,1,"0,92",14,"16,78",0,
31,Beton,501,"1,09","0,96",343,"8,8","27,2","0,11",2453,13,8,185,18,11,"2,75",36,"38,03",0,
1,PVC,477,"8,72","-0,73",714,"0,1","25,1","0,39",2015,57,8,195,2,4,"1,52",23,"47,55",0,
54,Żeliwo,227,"7,58","-0,555",997,"6,7","26,3","0,59",2800,26,"8,1",107,11,13,"0,67",10,"95,15",1,2021-09-11
3,Beton,932,"9,52","-0,03",545,"10,2","70,5","1,15",9023,20,"8,02",142,13,8,"1,46",39,"33,88",0,
16,PVC,362,"8,03","-0,04",383,"29,7","51,4","1,17",9985,5,"7,16",98,11,11,"0,98",20,"5,14",0,
87,Stal,889,"3,82","-0,09",506,"15,7","99,3","4,48",9983,20,"8,05",120,4,3,"3,2",39,"23,71",0,
57,Żeliwo,230,"3,23","-0,975",450,"6,1","30,4","3,71",8772,14,"8,69",114,15,8,"3,94",37,"55,75",1,2024-06-18
75,Żeliwo,452,"7,28","-1,065",967,10,38,"3,64",6752,45,7,82,11,2,"0,2",14,"54,23",0,
12,Beton,500,"4,28","-0,49",827,"9,9","98,6","3,46",7453,14,"8,83",99,18,0,"2,79",14,"39,42",0,
74,Stal,1064,"6,1","1,245",464,"0,6","84,9","0,96",2853,8,"6,04",398,16,5,"1,13",36,"33,79",0,
96,Żeliwo,253,"1,06","-1,155",444,"4,1","52,3","0,04",2236,48,"7,05",168,10,14,"0,36",44,"72,57",0,
16,Beton,549,"1,56","0,51",336,"20,9","59,9","0,98",4176,13,"6,4",201,12,9,"0,16",13,"14,14",0,
72,Stal,513,"5,82","0,78",632,"3,6","85,9",0,2155,24,"6,38",456,13,13,"3,54",42,"21,38",0,
76,Żeliwo,326,"6,09","0,93",702,"6,9","53,3","4,71",9536,15,"8,45",151,9,6,"1,48",20,"58,97",0,
24,PVC,162,"7,76","0,83",226,"10,5","28,5","3,79",5698,51,"8,76",180,13,3,"3,98",43,"45,67",0,
28,PVC,1085,"2,19","-0,47",344,"22,7","84,6","2,03",6829,1,"8,33",55,6,9,"1,83",19,"36,97",0,
8,Beton,1199,"5,62","-0,55",701,"17,5","58,4","3,26",8537,22,"8,93",72,6,4,"0,83",32,"18,25",0,
92,Stal,380,"2,75","-0,105",505,"20,7","23,8","0,65",1886,34,"6,65",291,11,3,"3,13",2,"14,98",0,
36,Beton,189,"1,84","2,73",56,17,"55,5","1,55",6471,50,"6,42",473,19,2,"3,71",39,"34,48",0,
90,Żeliwo,159,"4,69","1,005",79,"20,5","47,2","3,36",8746,51,"7,56",110,11,0,"3,28",22,"85,7",0,
8,Beton,1170,"2,47","0,27",767,"0,1","88,9","0,77",3770,40,"8,49",149,10,12,"3,01",43,"11,47",0,
58,Żeliwo,494,3,"1,125",318,"27,9","21,3","1,21",8391,3,"6,12",232,15,5,"1,41",46,"58,08",1,2022-10-13
60,Stal,618,"3,86","-1,245",664,"3,3","88,8","0,93",2940,55,"8,99",183,13,9,"0,35",22,"43,56",0,
50,Beton,895,"3,33","0,83",599,"12,2","56,1","0,43",3490,26,"7,81",73,8,4,"0,89",26,"3,43",0,
28,Beton,1142,"1,79","-0,41",306,"23,1","46,4","4,51",7899,14,"8,94",86,5,10,"1,84",34,"18,42",0,
92,Stal,167,"1,81","3,84",295,"13,1","24,6","0,45",306,58,"7,1",94,2,0,"3,83",24,"48,12",0,
41,PVC,937,"2,74","-0,12",416,"28,4","73,1","0,98",3075,41,"7,37",149,16,4,"2,92",31,"0,74",0,
100,Stal,1132,"1,46","0,78",879,14,"93,4","0,96",1656,8,"8,26",151,13,5,"3,33",21,"44,53",0,
64,Żeliwo,175,"6,64","2,595",121,"26,2","43,8","3,7",7244,49,"8,38",112,19,9,"1,18",7,"95,07",0,
27,PVC,99,"3,59","1,09",259,"24,3","31,7","4,84",6611,55,"6,7",469,9,4,"2,77",37,"9,48",0,
63,Żeliwo,376,"3,52","1,215",624,"29,4","59,9","2,01",6322,55,"8,79",150,15,0,"3,46",17,"83,04",1,2023-07-20
17,PVC,775,"3,99","0,74",354,"27,8","81,7","0,21",2692,56,"8,6",158,6,13,"1,97",27,"3,53",0,
73,Stal,246,"6,97","-1,29",341,"26,9","10,3","0,62",1764,16,"6,05",287,8,4,"1,78",27,"8,59",0,
33,PVC,608,"8,84","0,71",596,"21,9","66,8","0,07",275,42,"6,39",345,14,9,"2,91",10,"1,27",0,
84,Żeliwo,289,"7,83","0,84",530,11,"63,7","4,73",5271,21,"7,49",84,5,0,"2,28",11,"94,67",0,
77,Stal,338,"7,55","-1,185",752,"3,2","38,6","2,59",7331,10,"7,38",104,17,10,"3,97",1,"2,24",0,
92,Żeliwo,279,"5,36","-1,185",693,"20,7","50,6","4,81",9593,57,"8,13",145,7,2,"1,76",36,"56,22",1,2020-08-01
29,PVC,440,"7,24","-0,8",821,"29,4","32,2","3,81",9967,25,"6,27",454,9,11,"0,79",3,"40,95",0,
13,PVC,264,"5,97","-0,98",657,"21,8","81,1","1,17",5025,56,"7,93",61,16,12,"1,94",40,"44,37",0,
46,PVC,264,"2,95","0,1",743,"27,9","67,1","0,85",4050,38,"7,85",53,18,1,"1,02",44,"27,46",0,
35,PVC,177,"2,88","-0,83",204,"24,1","57,9","2,94",8080,22,"6,7",207,13,12,"2,29",44,"47,33",0,
6,Beton,809,"3,67","-0,12",990,"4,9","45,3","0,44",3460,49,"7,63",139,18,0,"0,59",46,"0,28",0,
82,Stal,453,"9,2","0,12",704,"7,5","36,2","0,06",3835,48,"6,67",427,10,3,"3,8",33,"6,7",0,
69,Żeliwo,378,"5,93","1,41",691,"10,3",84,"0,75",4278,47,"6,44",217,1,1,"3,45",22,"90,19",0,
47,PVC,387,"7,61","-0,49",492,5,"50,6","0,57",1844,54,"7,72",114,18,4,"0,71",12,"39,45",0,
25,Beton,880,"4,12","0,72",903,"17,4","55,1","0,45",71,46,"8,93",131,19,9,"0,77",6,"44,27",0,
66,Żeliwo,249,"4,67","0,135",377,"29,3","56,9","1,06",7386,4,"6,71",317,2,0,"2,1",31,"66,89",0,
10,Beton,410,"2,13","0,14",384,"22,8","50,4","2,09",6862,4,"7,07",133,4,11,"3,11",22,"19,16",0,
56,Żeliwo,424,"2,54","-0,465",329,"12,7",33,"1,01",7340,30,"6,77",453,11,9,"0,95",48,"59,04",0,
30,Beton,267,"8,45","0,12",348,"0,1","20,8","2,66",9868,2,"6,8",412,3,0,"0,34",7,"9,04",0,
5,Beton,251,"6,26","-0,85",444,"9,4","18,9","3,91",9487,29,"7,21",77,9,10,"2,23",49,"22,89",0,
33,PVC,66,"4,04","-2,98",175,"15,8","78,2","4,2",7635,43,"8,11",65,10,9,"2,8",46,"25,38",0,
65,Stal,371,"8,23","-0,645",357,"9,7","30,1","0,54",1043,36,"6,12",470,2,3,"1,05",46,"5,24",0,
18,PVC,567,"3,22","0,78",996,"3,3",15,"0,24",3042,21,"8,87",126,7,6,"2,99",36,"1,69",0,
96,Żeliwo,388,"9,78","-0,39",873,"13,3","81,8","0,85",814,60,"6,14",332,15,13,"3,81",33,"63,68",1,2021-01-18
49,Beton,1155,"4,1","-0,71",778,"7,6","23,9","4,7",5622,21,"8,64",103,19,13,"0,63",47,"26,74",0,
11,PVC,474,"4,04","0,39",744,"27,3","66,3","4,1",7332,48,"8,68",81,10,1,"2,09",28,"16,61",0,
85,Stal,1068,"3,81","-1,005",595,"3,1","40,5","0,62",309,21,"7,57",163,14,1,"0,32",36,"21,86",0,
26,PVC,436,"2,1","0,51",977,"1,5","21,4","3,78",6661,4,"6,41",354,4,0,"0,91",22,"47,89",0,
63,Żeliwo,347,2,"1,41",470,"0,2","47,3","0,84",4227,1,"7,7",163,11,4,"0,45",37,"58,74",1,2022-12-20
89,Żeliwo,255,"6,83","0,84",874,"9,8","11,3","0,45",1877,26,"7,89",159,3,5,"1,68",28,"81,31",0,
86,Żeliwo,146,"8,88","-2,505",175,"19,8","85,7","0,73",2486,56,"8,57",152,17,12,"3,3",43,"69,36",1,2020-06-19
59,Stal,635,"8,11","0,3",783,"21,9","56,2","3,85",6886,51,"7,65",126,7,5,"2,35",4,"32,4",0,
27,Beton,215,"2,27","0,39",605,"13,6","22,5","0,4",4835,2,"7,23",189,11,1,"0,97",39,"0,61",0,
49,PVC,71,"5,91","-0,51",180,"20,5","31,3","0,98",794,9,"8,51",102,18,11,"0,26",10,"16,62",0,
77,Żeliwo,100,"1,95","-2,97",124,"10,8","50,3","2,63",6786,55,"8,94",170,14,11,"2,26",13,"79,55",1,2023-05-11
33,Beton,268,"1,41","-0,04",908,20,27,"0,16",4014,57,"7,94",52,14,6,"0,62",48,"23,19",0,
98,Żeliwo,442,"6,91","0,105",745,"1,2","34,2","1,09",7392,45,"8,62",103,6,5,"1,44",41,"70,11",1,2024-01-24
99,Stal,279,"5,82","-0,99",520,"11,7","58,1","1,53",5353,18,"7,8",89,9,7,"2,09",1,"33,35",0,
1,PVC,69,"1,74","0,34",228,"23,7","84,9","0,65",3407,48,"8,07",117,3,5,"3,62",34,"47,24",0,
21,PVC,602,"1,31","-0,12",677,"24,1","46,2","0,76",974,48,"8,06",163,17,8,"0,42",44,"45,7",0,
55,Stal,999,"9,91","1,005",919,"21,5","74,5","4,95",9239,57,"8,11",179,12,9,"2,71",48,"33,22",0,
6,Beton,197,"1,27","-1,03",70,"6,1","88,9","0,51",4237,42,"6,96",253,4,1,"0,15",34,"25,34",0,
92,Żeliwo,393,5,"0,39",394,"7,4","29,5","3,4",7248,41,"7,73",143,16,6,"2,56",41,"63,76",0,
81,Stal,452,"5,54","-0,315",561,"29,9","82,6","0,44",4369,11,"7,78",198,10,4,"2,25",27,"41,8",0,
69,Żeliwo,290,"2,06","-0,735",370,"3,1","78,2","1,67",8050,25,"6,95",412,7,0,"3,27",7,"95,03",0,
95,Stal,416,"2,52","1,44",518,"5,4","42,1","0,56",464,26,"7,05",173,10,2,"2,17",31,"7,89",0,
5,Beton,851,"4,17","0,97",832,"3,9","99,1","4,02",5327,58,"8,29",51,7,3,"1,48",3,"1,27",0,
3,Beton,967,"7,86","0,85",391,"9,8","33,6","1,36",5415,36,"7,75",140,18,11,"1,05",44,"49,16",0,
53,Stal,122,"5,56","3,45",228,"6,3","32,9","4,44",8115,42,"6,45",257,9,1,"0,43",6,"47,98",0,
23,PVC,530,"6,74","-0,35",379,"14,9","79,5","0,65",287,35,"8,51",147,18,6,"2,18",38,"28,22",0,
53,Żeliwo,241,"9,87","0,945",537,"14,3","49,1","0,93",3195,38,"8,65",65,17,0,"3,56",47,"99,56",0,
37,PVC,794,"7,91","-0,18",671,27,"39,8","1,36",9067,3,"7,4",197,11,2,"2,11",26,"38,53",0,
74,Stal,149,"4,91","-0,345",263,1,"26,1","0,33",1992,59,"6,63",234,1,11,"2,98",36,"25,87",0,
74,Stal,1132,"5,02","0,735",993,"9,6","78,9","2,34",7450,41,"8,84",157,17,8,"1,26",16,"19,47",0,
83,Żeliwo,351,"6,57","-1,26",324,"17,9","80,8","0,86",2925,35,"8,65",72,4,10,"1,85",9,"68,93",0,
17,Beton,307,"6,99","-0,9",455,"18,1",61,"0,32",1120,50,"6,73",399,4,13,"1,37",3,"25,79",0,
85,Żeliwo,306,"5,51","-0,15",816,"14,4","96,2","2,07",5310,40,"6,29",359,14,1,"0,53",22,"61,57",1,2022-02-09
78,Stal,1138,"6,8","-0,165",931,"24,5","38,6","0,42",446,22,"7,32",121,9,4,"1,73",13,"24,52",0,
73,Żeliwo,214,"1,21","1,185",829,"1,9","29,8","2,47",6627,8,"8,03",183,13,3,"3,08",4,"56,77",0,
1,PVC,315,"4,87","-0,75",356,"24,5",71,"0,96",2896,15,"6,53",425,16,11,"1,64",1,"40,68",0,
51,Stal,870,"3,51","-1,125",904,"14,8","78,3","0,4",721,45,"7,54",199,1,2,"2,64",45,"3,57",0,
45,PVC,1152,"2,16","-0,71",318,4,"30,2","0,88",2163,7,"7,28",55,3,4,"3,06",23,"4,35",0,
77,Żeliwo,318,"1,9","-1,41",683,"26,6","16,9","2,63",9543,19,"8,67",81,19,5,"1,36",17,"79,89",0,
4,PVC,996,"6,43","-0,86",492,"19,5","82,9","0,55",3980,40,"7,29",194,8,0,"3,21",26,"12,96",0,
62,Stal,609,"5,71","0,48",536,"4,9","97,9","0,02",4502,42,"7,6",87,18,1,"1,42",23,"32,88",0,
65,Stal,966,"3,28","-0,21",686,1,68,"0,76",1725,17,"8,87",194,6,0,"1,1",28,"7,23",0,
32,PVC,940,"5,24","0,53",725,"4,2",35,"4,98",8885,1,"6,9",310,6,2,"0,97",10,"19,85",0,
34,PVC,917,"5,43","0,99",576,"18,3","99,7","0,63",3413,45,"6,87",423,5,7,"0,88",47,"5,12",0,
92,Stal,659,"2,76","0,48",526,"5,4","90,4","0,05",494,29,"8,4",126,12,7,"2,97",17,"14,1",0,
95,Stal,463,"6,87","-1,35",851,"6,8","56,2","0,21",947,58,"6,83",213,9,3,"3,56",47,"4,41",0,
72,Stal,74,"8,03","0,075",56,"0,8","84,3","0,07",22,13,"8,5",135,9,5,1,3,"48,53",0,
39,PVC,333,"8,12","0,76",452,"21,7","83,4","0,29",1128,56,"6,29",388,17,11,"0,43",32,"19,75",0,
26,PVC,930,"6,42","0,05",938,"24,3","94,1","0,63",557,48,"6,33",438,19,8,"1,32",13,"45,06",0,
34,Beton,350,"5,6","0,65",536,"23,9","85,7","3,24",9808,29,"8,7",134,17,13,"2,67",43,"48,56",0,
54,Żeliwo,129,"1,55","-3,225",257,"3,8","67,9","0,61",3730,41,"7,62",55,16,6,"1,54",41,"77,61",1,2021-06-04
3,PVC,1080,"3,59","0,86",735,"27,1","64,8","3,59",5341,42,"8,16",191,12,1,"2,24",31,"22,75",0,
50,PVC,866,"1,84","0,9",983,"20,2","52,1","4,81",6998,6,"6,68",211,3,10,3,3,"38,94",0,
12,PVC,132,"9,67","-2,49",221,"26,9","66,4","4,18",7182,5,"6,5",365,14,1,"1,69",19,"7,68",0,
65,Żeliwo,380,"2,22","-0,48",483,"13,4","81,6","1,16",7034,34,"8,5",186,17,2,4,20,"68,12",1,2024-08-15
54,Żeliwo,443,"2,37","1,38",667,"13,1","97,2","0,85",1656,11,"7,08",96,16,7,"1,26",2,"65,33",0,
5,Beton,667,"9,01","0,09",497,"23,5","52,1","0,62",4173,9,"7,37",134,12,9,"3,92",24,"1,56",0,
94,Żeliwo,253,"9,5","-1,305",670,"2,8","61,6","2,26",5441,38,"6,08",269,2,14,"0,89",3,"80,22",0,
94,Stal,311,"7,89","0,435",672,"15,6",50,"3,8",8998,40,"7,16",72,8,8,"0,53",46,"33,61",0,
57,Stal,225,"1,05","0,27",796,"25,1","70,2","0,87",3312,41,"8,31",52,12,12,"3,03",10,"20,98",0,
17,Beton,706,"1,01","0,79",898,"24,9","66,7","3,93",8645,9,"8,46",178,16,13,"2,84",15,"7,07",0,
47,PVC,891,"4,4","0,31",500,"28,7","11,6","0,66",2324,8,"8,1",116,8,2,"3,26",35,"36,16",0,
23,Beton,419,"2,29","-0,3",808,"20,9","58,7","2,09",9639,44,"8,08",120,16,8,"1,44",5,"28,16",0,
79,Żeliwo,486,"1,17","1,395",621,"6,2",18,"4,5",5595,58,"7,52",180,10,11,"3,73",30,"63,43",0,
85,Żeliwo,374,"5,18","0,9",574,"0,6","12,4","4,07",5984,40,"7,61",116,15,11,"0,57",39,"57,73",0,
14,PVC,1200,"9,49","0,26",510,"14,4","81,2","0,8",2511,3,"8,23",104,4,9,"0,22",12,"3,31",0,
66,Żeliwo,383,"3,91","-0,615",803,"15,4","33,3","0,3",362,13,"6,74",420,15,11,"1,27",22,"87,5",1,2022-05-06
75,Stal,693,"6,95","-0,375",417,"7,2","40,7","0,85",3454,19,"6,69",252,4,7,"3,21",3,"15,75",0,
51,Stal,428,"6,87","0,51",853,"3,7","15,8","0,76",2798,34,"8,85",115,11,4,"2,72",36,"0,43",0,
38,PVC,122,"3,26","0,39",276,"17,6","26,2","0,3",4620,32,"6,08",358,6,10,"1,8",41,"0,48",0,
64,Stal,964,"6,85","-0,735",614,"22,9","78,9","0,43",3255,49,"6,42",335,4,9,"1,1",36,"16,54",0,
98,Żeliwo,172,"2,91","-4,38",182,"29,8","54,4","0,19",1217,16,"7,71",80,9,2,"0,33",43,"97,41",0,
38,Beton,92,"2,1","-0,82",97,"22,7","89,3","0,11",1485,36,"8,21",166,9,10,"1,42",32,"31,2",0,
50,Beton,426,"7,31","-0,2",582,"23,8","45,8","1,84",5349,18,"7,61",115,3,6,"1,89",41,"11,95",0,
98,Żeliwo,474,"2,02","-1,05",557,"18,5","34,2","1,12",7195,14,"7,07",96,5,8,"2,78",28,"84,19",0,
82,Stal,219,"9,97","-0,18",874,"29,6","41,3","2,73",7750,30,"8,93",71,15,11,"2,62",36,"32,37",0,
30,PVC,261,"2,65","0,54",873,"19,2","74,1","3,28",6079,2,"8,11",143,9,5,"3,79",18,"26,13",0,
79,Stal,88,"6,35","2,055",239,"25,8",60,"4,51",9399,13,"8,49",132,2,2,"0,49",19,"26,07",0,
91,Żeliwo,219,"4,7","-1,485",318,"28,4","91,4","4,71",9640,27,"6,12",365,3,4,"1,41",31,"52,89",1,2021-04-05
51,Żeliwo,416,"2,14","0,51",828,"27,9","64,2","3,12",8035,59,"6,71",442,12,6,"1,98",43,"50,32",1,2021-12-18
63,Stal,200,"1,25","1,425",722,"11,4","54,4","0,79",1507,53,"7,12",168,16,7,"2,72",15,"19,27",0,
98,Stal,1184,"6,6","0,315",765,"2,4","80,7","0,76",1003,52,"6,55",255,5,12,"2,03",4,"17,27",0,
52,Żeliwo,364,"8,26","-1,14",672,"5,2","95,3","3,98",6403,17,"6,22",238,10,13,"3,66",48,"76,18",1,2022-08-18
38,PVC,1073,"8,58","-0,36",380,"1,8",42,"0,45",925,31,"6,68",327,15,11,"2,47",45,"42,81",0,
97,Stal,786,"5,34","1,11",850,"3,2","32,5","2,48",8275,15,"7,6",110,14,3,"0,25",11,"18,77",0,
88,Żeliwo,475,8,"-0,795",847,"5,5","65,5","3,54",6583,57,"8,09",154,14,1,"0,54",44,"87,25",0,
79,Żeliwo,407,"7,06","0,33",723,"10,2","54,9","0,33",3927,20,"8,32",130,13,9,"3,04",20,"91,9",0,
30,Beton,993,"7,52","-0,19",728,"16,3",99,"3,89",9734,5,"6,13",407,16,1,"2,89",13,"10,59",0,
51,Żeliwo,241,"5,43","-0,87",687,"21,4","51,6","0,27",985,7,"7,28",94,8,11,"0,7",36,"55,27",0,
81,Żeliwo,302,"6,7","0,945",969,"6,3","16,7","0,99",4231,18,"6,37",414,8,2,"0,33",21,"75,75",0,
5,PVC,252,"8,25","0,49",503,"20,2",98,"2,79",5302,56,"7,29",115,17,7,"2,36",29,"45,09",0,
29,Beton,110,"4,58","-1,11",131,"21,1","85,9","4,41",5291,11,"7,3",81,17,0,"2,58",22,"8,18",0,
4,Beton,995,"8,25","-0,53",584,"16,8",26,"0,61",908,32,"7,49",145,3,13,"0,63",4,"16,86",0,
10,Beton,1012,"6,33","-0,8",495,"27,1","91,4","2,15",5051,50,"8,68",107,1,6,"1,95",28,"30,26",0,
56,Stal,380,"2,49","0,225",606,"3,3","40,7","0,27",2586,27,"8,42",153,17,5,"1,29",29,"45,28",0,
17,Beton,387,"1,22","0,11",963,"5,3","43,9","3,72",9335,26,"7,91",105,16,13,"3,73",17,"12,79",0,
74,Stal,688,"4,26","-0,93",313,"12,9","91,6","0,11",1331,37,"8,66",183,17,1,"0,95",45,"38,18",0,
17,PVC,324,"5,92","-0,89",445,"3,8","57,7","1,65",6851,45,"8,04",116,2,8,"2,96",49,"35,52",0,
84,Żeliwo,101,"8,56","-0,705",119,17,"22,4","2,24",9745,28,"8,46",167,14,12,"2,12",0,"60,11",0,
88,Stal,638,"2,15","1,485",509,12,"43,2","0,61",1806,50,"7,69",87,7,11,"0,14",38,"23,97",0,
69,Żeliwo,224,"8,2","0,855",828,"8,5",75,"0,1",805,2,"7,58",180,19,4,"2,12",16,"94,8",1,2022-04-30
34,PVC,436,"8,77","0,84",643,"5,1","25,7","0,85",4147,20,"8,17",161,1,1,"0,49",2,"15,23",0,
6,PVC,919,"2,36","-0,61",910,"10,1","63,1","0,6",71,4,"6,06",345,17,2,"2,67",41,39,0,
53,Żeliwo,219,"8,66","1,38",578,"18,2","72,6","0,96",27,13,"8,07",103,10,6,"2,31",6,"51,34",1,2024-07-29
66,Żeliwo,226,"9,92","-1,065",508,"17,3","40,9","1,86",8660,24,"8,8",83,6,6,"0,14",26,"97,38",1,2023-11-16
77,Stal,652,"7,54","0,03",940,"4,9","72,4","0,18",3983,48,"8,14",88,7,9,"0,9",27,"48,65",0,
43,Beton,740,"8,06","0,66",634,"3,7","89,6","1,08",8955,38,"6,11",466,6,0,"3,13",43,"2,52",0,
75,Żeliwo,115,"9,95","1,215",239,"0,8","52,5","3,68",7055,58,"7,13",137,5,14,"1,18",30,"93,19",1,2022-05-25
23,PVC,539,"6,45","-0,15",551,"0,4","44,5","2,88",6690,40,"8,43",97,2,9,"2,05",14,"44,69",0,
55,Żeliwo,468,"3,77","-1,11",564,"26,4","32,6","2,39",9616,48,"8,88",98,18,13,"1,32",47,"55,63",1,2022-08-13
80,Żeliwo,257,"8,54","-1,125",570,"1,4","64,4","0,13",3832,45,"7,11",83,17,10,"3,69",7,"74,95",0,
95,Stal,558,"6,53","0,36",999,"21,9","89,2","4,42",9867,55,"8,52",149,7,10,"2,19",5,"17,87",0,
75,Stal,439,"6,23","0,525",718,"26,2","39,2","0,43",559,29,"8,59",184,19,11,"2,82",27,"41,77",0,
16,PVC,344,"3,28","0,55",510,"2,9","45,7","3,44",7957,58,"6,37",286,7,3,"0,43",3,"6,43",0,
8,PVC,845,"7,81","0,11",664,"13,1","46,6","0,14",3831,36,"8,54",119,7,5,"0,26",29,"13,37",0,
4,Beton,914,"1,74","0,29",375,"28,9","60,5","2,66",7344,2,"6,97",381,16,7,"1,11",42,"34,05",0,
4,Beton,598,"9,32","-0,97",959,25,"30,6","4,33",5171,41,"7,78",83,12,2,"1,31",16,"49,09",0,
56,Żeliwo,248,"3,93","-1,02",620,"14,7",84,"0,29",78,18,"7,62",100,15,13,"2,78",33,"78,24",1,2020-07-06
25,PVC,617,"2,15","0,97",732,"22,9","36,6","0,01",4929,49,"7,99",154,15,2,"2,32",5,"38,87",0,
67,Stal,902,"4,98","-1,275",408,25,"73,5","0,08",3647,8,"8,22",142,11,7,"1,56",35,"17,13",0,
96,Stal,819,"1,38","0,54",940,"10,4","56,2","0,39",1031,58,"7,32",191,2,7,"2,65",34,"33,07",0,
67,Żeliwo,456,"7,16","-0,975",821,"26,8","62,7","3,69",7381,15,"8,66",118,3,7,"0,74",38,"60,83",1,2021-02-23
27,PVC,412,"9,12","0,43",346,"14,1","26,2","0,38",2072,41,"8,43",138,19,0,"0,35",38,"49,61",0,
93,Żeliwo,300,"8,54","0,615",678,"15,8","76,2","2,3",6911,17,"8,36",152,15,7,"3,43",15,"75,17",0,
32,Beton,791,"2,15","-0,53",395,30,27,"4,34",6088,23,"7,37",185,16,7,"2,3",1,"31,94",0,
50,Beton,729,"2,14","-0,46",402,"25,3","20,2","0,23",1484,2,"6,11",420,1,1,"2,63",7,"43,81",0,
61,Stal,469,"8,32","0,465",445,"10,9","59,2","2,32",5838,6,"7,48",132,15,11,"1,3",14,"0,05",0,
51,Żeliwo,315,"9,32","-0,33",326,"0,3","73,8","0,61",1550,29,"8,7",60,12,8,"1,55",26,"54,98",1,2024-09-02
19,Beton,112,"5,15","0,78",142,"18,8","14,5","1,25",5497,27,"6,57",353,7,6,"0,42",15,"17,96",0,
21,Beton,561,"5,49","0,46",978,"21,1","16,2","0,75",4682,37,"8,95",85,7,7,"3,44",0,"16,98",0,
5,PVC,821,"3,86","-0,69",381,"19,5","82,2","0,55",1829,49,"8,42",131,11,1,"2,41",9,"7,25",0,
82,Żeliwo,442,"9,05","1,065",727,29,"82,8","0,36",3751,34,"8,13",191,11,3,"0,43",6,"63,04",0,
92,Żeliwo,431,"6,8","0,045",883,"25,9","32,1","4,37",6081,18,"8,03",87,17,6,"3,24",47,"94,54",0,
42,Beton,924,"3,59","-0,79",778,"13,5","65,4","3,87",6601,42,"7,76",138,3,5,"1,83",9,1,0,
61,Stal,871,"3,69","0,585",461,"1,9","49,9","0,04",4459,10,"8,16",50,16,6,"3,08",11,"2,79",0,
22,Beton,137,"9,02","0,69",208,"14,3","66,9","0,99",3856,38,"7,27",153,5,0,"0,15",16,"45,92",0,
21,PVC,1037,"1,12","-0,4",807,"20,7","87,7","4,76",6182,59,"8,54",114,2,7,"0,21",44,"6,14",0,
70,Żeliwo,460,"3,9","-0,225",337,"18,2","17,2","3,22",6083,44,"8,09",50,7,12,"0,77",11,"99,74",1,2020-03-01
1,Beton,1076,"5,99","-0,4",810,"16,1",80,"3,4",7970,17,"8,31",174,10,6,"0,92",14,"30,98",0,
5,Beton,1023,"2,33","-0,47",692,"14,1","54,4","0,61",2094,59,"8,38",109,5,12,"3,08",45,"43,49",0,
12,PVC,983,"1,83","-0,67",793,"8,8","60,8","3,57",6238,13,"6,28",208,15,3,"2,86",31,"28,63",0,
90,Żeliwo,192,"8,34","0,735",140,"8,3","68,9","0,11",3032,52,"6,17",270,12,0,"2,5",31,"95,29",0,
46,Beton,1111,"9,05","-0,5",554,15,93,"0,28",1548,60,"8,4",187,10,14,"3,55",25,"48,72",0,
34,PVC,1057,"8,41","0,37",478,"4,8","15,1","4,62",8559,48,"6,78",223,17,7,"1,06",13,"11,44",0,
49,Beton,974,"9,09","0,37",846,"10,2","12,7","0,55",64,42,"7,75",189,11,9,"3,63",49,"13,14",0,
78,Żeliwo,137,"5,98","-2,94",150,"9,7",26,"0,41",3299,27,"7,33",141,8,6,"3,65",25,"85,49",0,
90,Żeliwo,375,"8,31","0,84",688,"17,6","98,8","0,07",4849,53,"6,07",413,15,7,"1,79",4,"53,76",0,
45,Beton,909,"4,46","0,68",697,2,"74,4","4,96",5639,2,"6,12",215,2,9,"0,47",37,"35,32",0,
27,Beton,70,7,"2,35",105,"24,9","65,3","0,7",2035,34,"8,48",75,17,0,"2,93",49,"0,6",0,
73,Stal,291,"9,9","0,36",303,"16,9","14,2","3,67",5674,31,"7,82",91,6,4,"1,41",45,"35,22",0,
26,Beton,504,"3,03","-0,43",466,"20,1","89,1","0,51",2228,23,"7,57",110,13,8,"3,2",3,"20,21",0,
47,PVC,1012,"4,51","0,79",767,"21,1","83,1","3,56",5620,7,"8,83",90,8,4,"0,74",27,"48,38",0,
86,Stal,670,"5,32","-1,425",708,"8,7","69,8","0,59",596,38,"6,52",475,11,12,"2,2",0,"13,87",0,
56,Żeliwo,359,"2,24","-0,45",711,"14,1","40,5","0,23",3606,33,"6,77",431,15,13,"2,08",12,"55,38",0,
94,Żeliwo,175,"1,73","-0,66",294,"28,7","16,3","0,94",3889,12,"8,27",147,13,13,"0,49",42,"78,07",1,2023-07-22
63,Żeliwo,166,"8,47","1,335",71,23,"62,2","0,59",3506,45,"8,33",80,18,9,"1,52",2,"83,05",1,2020-04-24
48,PVC,118,"9,79","1,36",84,"29,1","74,8","0,31",1395,12,"7,21",164,18,11,"0,43",48,"44,26",0,
61,Stal,245,"4,64","0,27",449,"22,4","18,5","2,06",9778,19,"8,85",196,17,2,"1,91",49,"6,98",0,
81,Stal,189,"1,79","-3,24",65,"5,3",67,"4,34",7529,9,"8,81",97,13,8,"3,39",24,"33,18",0,
26,Beton,332,"1,59","0,48",578,"1,9","35,8","2,31",8303,10,"6,04",269,3,12,"1,15",41,"38,78",0,
36,Beton,361,"9,02","0,63",703,"17,3","78,8","0,29",452,17,"6,52",215,7,8,"3,08",15,"31,55",0,
1,Beton,795,"5,17","-0,74",977,"10,7","58,6","4,76",7336,50,"8,46",150,12,3,"0,82",20,"4,86",0,
8,PVC,326,"3,88","-0,96",610,"8,3","21,6","0,32",2631,40,"7,01",177,4,3,"2,73",12,"48,76",0,
99,Żeliwo,186,"5,29","3,765",220,"24,2","57,4","0,79",2186,39,"6,29",372,11,10,"3,67",43,"83,47",0,
52,Żeliwo,361,"3,86","-0,6",762,11,"45,6","3,43",5967,41,"8,35",169,14,7,"1,36",35,"64,3",1,2020-05-05
79,Stal,202,"5,4","0,375",387,"9,5","26,2","4,02",6374,10,"7,36",87,18,6,"3,61",7,"39,86",0,
47,PVC,593,"8,74","-0,7",516,"25,5","85,7","4,61",5358,12,"7,48",156,7,10,"2,07",43,"46,96",0,
56,Stal,616,"6,33","-0,09",300,"25,4",11,"0,01",4348,15,"6,56",469,5,4,"1,34",18,"30,2",0,
86,Stal,671,"7,25","0,015",434,"10,7","38,1","0,9",1459,31,"7,98",91,16,5,"3,6",46,"12,95",0,
14,Beton,363,"4,28","0,17",996,25,"11,1","0,58",1942,15,"7,65",186,11,14,"0,22",15,"41,83",0,
90,Stal,856,"7,65","0,045",650,"25,5","18,6","1,1",5422,28,"6,62",460,3,2,"0,21",11,"8,16",0,
28,PVC,897,7,"-0,01",439,"12,7","36,7","2,54",5196,4,"7,02",59,16,13,"2,44",19,"1,11",0,
87,Żeliwo,382,"2,08","-0,495",917,2,"14,9","0,62",61,36,"7,79",182,11,14,"3,21",17,"64,49",1,2022-08-30
78,Stal,930,"6,15","-1,29",432,0,"63,7","0,51",1494,55,"8,77",82,10,5,"3,03",11,"28,77",0,
88,Żeliwo,479,"3,31","-1,23",919,"15,7","17,8","0,99",1180,1,"8,76",118,2,12,"0,41",47,"78,22",0,
2,PVC,186,"8,24","-1,75",130,"10,3","73,2","1,18",6268,58,"6,86",215,16,7,"3,81",24,"28,99",0,
26,Beton,1079,"4,83","-0,29",657,"29,9","14,7","0,64",2788,44,"8,21",150,17,9,"2,84",10,"7,25",0,
14,PVC,1060,"9,95","0,03",679,"23,2","15,3","0,44",4636,57,"8,33",78,10,13,"3,8",21,"1,57",0,
59,Stal,158,"1,83","-3,375",118,"22,8","37,5","0,49",4721,34,"8,43",195,18,12,"1,38",45,"5,83",0,
56,Żeliwo,454,"8,02","0,57",749,"28,7","90,7","3,67",5710,47,"7,71",183,12,10,"2,81",33,"52,12",1,2022-09-26
7,PVC,1112,"7,06","0,73",885,"26,6","67,7","2,72",7702,17,"6,03",380,8,8,"3,45",12,"37,78",0,
3,Beton,711,"7,91","-0,4",762,"9,5","79,3","0,33",105,39,"8,29",173,3,2,"1,58",45,"30,22",0,
23,Beton,474,"3,77","-0,61",407,5,"22,7","1,26",9346,38,"6,32",418,3,7,"3,86",37,"10,47",0,
18,Beton,679,"5,43","-0,77",421,"22,4","85,1","0,07",4087,44,"6,35",342,6,11,"1,13",11,"36,95",0,
38,Beton,310,"8,17","0,23",316,"11,3","10,7","4,06",9900,51,"7,82",60,2,2,"1,33",38,"20,4",0,
99,Żeliwo,276,"3,09","-0,165",495,"14,2","29,2","0,49",3925,33,"8,95",132,3,1,"3,69",35,"89,11",0,
15,PVC,514,"3,03","-0,62",626,"18,9","65,4","0,78",1908,60,"6,73",246,17,4,"3,88",27,"44,88",0,
64,Stal,125,"5,96","-1,47",250,"27,2","43,8","0,49",2049,21,"7,94",76,9,13,"1,21",26,"22,89",0,
89,Stal,520,"5,71","-1,05",778,"12,6","98,6","3,81",9466,26,"6,91",261,4,3,"0,63",38,"31,32",0,
28,Beton,463,"3,54","0,11",551,"23,5","12,7","4,77",9137,46,"8,7",197,2,12,"3,06",12,"48,09",0,
74,Żeliwo,468,"3,68","0,075",802,"8,1","99,9","2,07",8172,36,"7,78",180,9,4,"3,73",42,"94,22",1,2021-10-26
39,Beton,944,"3,5","0,47",418,"20,9","66,1","0,27",3904,5,"6,62",262,14,5,"2,44",39,"28,04",0,
57,Żeliwo,235,"7,94","-1,335",973,0,"60,3","0,61",3796,33,"6,79",480,11,14,"2,57",26,"78,77",0,
17,Beton,506,"6,87","0,78",797,"26,1","15,4","0,98",292,1,"7,3",93,2,2,"3,08",30,"12,04",0,
86,Stal,702,"8,49","0,615",785,"0,9","34,6","1,44",6266,53,"6,37",352,2,0,"0,7",1,"36,85",0,
90,Stal,721,"9,78","-0,855",344,"21,4","93,2","3,51",6370,6,"6,24",469,5,14,"3,9",17,"36,33",0,
44,PVC,544,"5,27","-0,63",613,"1,4","41,9","0,47",4860,37,"8,04",168,7,3,"1,52",25,"10,68",0,
25,PVC,1118,"1,6","-0,14",478,8,"69,5","0,97",3729,2,"7,22",78,4,5,"2,55",41,"0,67",0,
17,Beton,646,"1,43","0,64",717,"14,9",100,"3,12",7962,57,"8,18",79,14,1,"1,93",30,"49,95",0,
13,Beton,499,"3,66","0,69",855,"12,6","33,7","4,5",5510,53,"6,33",219,2,1,"1,93",37,"29,08",0,
84,Żeliwo,291,"9,39","0,06",377,"5,8","61,8","2,85",8619,59,"7,83",159,12,0,"2,84",21,"71,59",0,
25,Beton,695,"5,71","0,72",625,10,"72,7","2,12",6761,59,"7,33",81,10,8,"3,98",35,"14,18",0,
68,Żeliwo,205,"3,45","-1,485",989,"21,8","24,8","1,92",6110,5,"6,17",338,1,2,"2,67",18,"88,83",0,
10,PVC,1091,"4,59","-0,93",656,"20,1","23,4","4,5",6955,26,"7,63",100,19,1,"3,2",13,"6,88",0,
67,Żeliwo,409,"6,39","1,23",715,"2,2","51,1","0,86",106,41,"6,25",351,16,3,"0,21",13,"74,95",1,2020-10-21
18,Beton,807,"6,88","0,55",814,"22,4","44,7","0,93",4754,51,"8,48",85,15,5,"3,26",49,"39,92",0,
100,Żeliwo,332,"2,39","-0,15",513,"1,6","74,3","1,75",5278,53,"7,9",104,14,0,"1,27",28,"95,39",1,2020-04-28
86,Żeliwo,364,"9,79","0,765",373,"16,3","16,3","4,09",6408,47,"7,67",85,9,8,"0,59",16,"56,67",1,2023-07-08